-- phpMyAdmin SQL Dump
-- version 3.5.1
-- http://www.phpmyadmin.net
--
-- Servidor: localhost
-- Tiempo de generación: 17-11-2014 a las 20:07:14
-- Versión del servidor: 5.5.24-log
-- Versión de PHP: 5.4.3

SET SQL_MODE="NO_AUTO_VALUE_ON_ZERO";
SET time_zone = "+00:00";


/*!40101 SET @OLD_CHARACTER_SET_CLIENT=@@CHARACTER_SET_CLIENT */;
/*!40101 SET @OLD_CHARACTER_SET_RESULTS=@@CHARACTER_SET_RESULTS */;
/*!40101 SET @OLD_COLLATION_CONNECTION=@@COLLATION_CONNECTION */;
/*!40101 SET NAMES utf8 */;

--
-- Base de datos: `syspa2`
--

-- --------------------------------------------------------

--
-- Estructura de tabla para la tabla `actividades`
--

CREATE TABLE IF NOT EXISTS `actividades` (
  `id` int(11) NOT NULL AUTO_INCREMENT,
  `area_id` int(11) NOT NULL,
  `ActividadDescripcion` varchar(512) NOT NULL,
  PRIMARY KEY (`id`),
  KEY `Ref854` (`area_id`)
) ENGINE=InnoDB DEFAULT CHARSET=latin1 AUTO_INCREMENT=1 ;

-- --------------------------------------------------------

--
-- Estructura de tabla para la tabla `adendas`
--

CREATE TABLE IF NOT EXISTS `adendas` (
  `id` int(11) NOT NULL AUTO_INCREMENT,
  `convenioparticulare_id` int(11) NOT NULL,
  `FechaFirmaConvenioAnterior` date NOT NULL,
  `AdendaDescripcion` varchar(2048) NOT NULL,
  `AdendaArchivoAdjunto` varchar(250) NOT NULL,
  `NombreArtAnterior` varchar(250) NOT NULL,
  `NombreObraSocialAnterior` varchar(250) NOT NULL,
  `ImporteObraSocialAnterior` decimal(5,0) NOT NULL,
  `ImporteAsignacionEstimuloAnterior` decimal(5,0) NOT NULL,
  `TutorIdAnterior` int(11) DEFAULT NULL,
  `FechaAltaObraSocialAnterior` date NOT NULL,
  `PagaAsignacionEstimuloAnterior` tinyint(4) NOT NULL,
  `FechaAltaARTAnterior` date NOT NULL,
  `ImporteARTAnterior` decimal(5,0) NOT NULL,
  PRIMARY KEY (`id`),
  KEY `Ref1759` (`convenioparticulare_id`)
) ENGINE=InnoDB DEFAULT CHARSET=latin1 AUTO_INCREMENT=1 ;

-- --------------------------------------------------------

--
-- Estructura de tabla para la tabla `alumnos`
--

CREATE TABLE IF NOT EXISTS `alumnos` (
  `id` int(11) NOT NULL AUTO_INCREMENT,
  `carrera_id` int(11) NOT NULL,
  `NroLegajo` int(11) NOT NULL,
  `Apellido` varchar(250) NOT NULL,
  `Nombre` varchar(250) NOT NULL,
  `FechaNacimiento` date NOT NULL,
  `DNI` decimal(8,0) NOT NULL,
  `Direccion` varchar(250) DEFAULT NULL,
  `CorreoElectronico` varchar(250) DEFAULT NULL,
  `Telefono` char(20) DEFAULT NULL,
  `Suscripcion` tinyint(4) NOT NULL,
  `AlumnoCV` longblob,
  `Password` varchar(250) NOT NULL,
  `CUIL` decimal(11,0) NOT NULL,
  PRIMARY KEY (`id`),
  KEY `Ref1039` (`carrera_id`)
) ENGINE=InnoDB DEFAULT CHARSET=latin1 AUTO_INCREMENT=1 ;

-- --------------------------------------------------------

--
-- Estructura de tabla para la tabla `alumnosmaterias`
--

CREATE TABLE IF NOT EXISTS `alumnosmaterias` (
  `id` int(11) NOT NULL AUTO_INCREMENT,
  `materia_id` int(11) NOT NULL,
  `alumno_id` int(11) NOT NULL,
  `EstadoMateria` varchar(250) NOT NULL,
  `FechaRegularizacion` date NOT NULL,
  `FechaAprobacion` date NOT NULL,
  PRIMARY KEY (`id`),
  KEY `Ref1444` (`materia_id`),
  KEY `Ref1245` (`alumno_id`)
) ENGINE=InnoDB DEFAULT CHARSET=latin1 AUTO_INCREMENT=1 ;

-- --------------------------------------------------------

--
-- Estructura de tabla para la tabla `anexos`
--

CREATE TABLE IF NOT EXISTS `anexos` (
  `id` int(11) NOT NULL AUTO_INCREMENT,
  `empresa_id` int(11) NOT NULL,
  `PagaSeguroTrabajoAnterior` tinyint(4) NOT NULL,
  `PagaObraSocialAnterior` tinyint(4) DEFAULT NULL,
  `PorcentajeGastoAnterior` int(11) DEFAULT NULL,
  `AnexoConvenioMarco` text,
  `ConvenioFechaAnterior` tinyint(4) DEFAULT NULL,
  `EmpresaCUIT` int(11) DEFAULT NULL,
  PRIMARY KEY (`id`),
  KEY `Ref231` (`empresa_id`)
) ENGINE=InnoDB  DEFAULT CHARSET=latin1 AUTO_INCREMENT=6 ;

--
-- Volcado de datos para la tabla `anexos`
--

INSERT INTO `anexos` (`id`, `empresa_id`, `PagaSeguroTrabajoAnterior`, `PagaObraSocialAnterior`, `PorcentajeGastoAnterior`, `AnexoConvenioMarco`, `ConvenioFechaAnterior`, `EmpresaCUIT`) VALUES
(1, 2, 0, 0, 5, '', NULL, 2147483647),
(2, 3, 1, 1, 5, '', 127, 2147483647),
(3, 2, 0, 0, 5, '', 127, 2147483647),
(4, 2, 1, 0, 5, '', 127, 2147483647),
(5, 2, 1, 1, 4, '', 127, 2147483647);

-- --------------------------------------------------------

--
-- Estructura de tabla para la tabla `areas`
--

CREATE TABLE IF NOT EXISTS `areas` (
  `id` int(11) NOT NULL AUTO_INCREMENT,
  `id_carrera` int(11) NULL,
  `AreaDescripcion` varchar(512) NOT NULL,
  PRIMARY KEY (`id`),
  KEY `Ref1064` (`id_carrera`)
) ENGINE=InnoDB DEFAULT CHARSET=latin1 AUTO_INCREMENT=1 ;

-- --------------------------------------------------------

--
-- Estructura de tabla para la tabla `carreras`
--

CREATE TABLE IF NOT EXISTS `carreras` (
  `id` int(11) NOT NULL,
  `carrera` varchar(250) NOT NULL,
  PRIMARY KEY (`id`)
) ENGINE=InnoDB DEFAULT CHARSET=latin1;

-- --------------------------------------------------------

--
-- Estructura de tabla para la tabla `competencias`
--

CREATE TABLE IF NOT EXISTS `competencias` (
  `id` int(11) NOT NULL AUTO_INCREMENT,
  `area_id` int(11) NOT NULL,
  `CompetenciaNombre` varchar(250) NOT NULL,
  PRIMARY KEY (`id`),
  KEY `Ref835` (`area_id`)
) ENGINE=InnoDB DEFAULT CHARSET=latin1 AUTO_INCREMENT=1 ;

-- --------------------------------------------------------

--
-- Estructura de tabla para la tabla `conveniosparticulares`
--

CREATE TABLE IF NOT EXISTS `conveniosparticulares` (
  `id` int(11) NOT NULL AUTO_INCREMENT,
  `ContactoNombre` varchar(100) DEFAULT NULL,
  `ContactoTelefono` char(20) DEFAULT NULL,
  `ContactoCorreo` varchar(100) DEFAULT NULL,
  `oferta_id` int(11) NOT NULL,
  `empresa_id` int(11) NOT NULL,
  `alumno_id` int(11) NOT NULL,
  `carrera_id` int(11) NOT NULL,
  `tutore_id` int(11) NOT NULL,
  `FechaInicio` date NOT NULL,
  `FechaFin` date NOT NULL,
  `ImporteAsignacionEstimulo` decimal(5,0) NOT NULL,
  `NombreART` varchar(250) NOT NULL,
  `ImporteArt` decimal(5,0) NOT NULL,
  `NombreObraSocial` varchar(250) NOT NULL,
  `ImporteObraSocial` decimal(5,0) NOT NULL,
  `FechaCancelacion` date DEFAULT NULL,
  `MotivoCancelacion` varchar(512) DEFAULT NULL,
  `EvaluacionAlumno` varchar(512) NOT NULL,
  `FechaFirmaConvenio` date NOT NULL,
  `ArchivoCP` longblob,
  `FechaAltaObraSocial` date NOT NULL,
  `PagaAsignacionEstumulo` tinyint(4) NOT NULL,
  PRIMARY KEY (`id`),
  KEY `Ref646` (`oferta_id`),
  KEY `Ref247` (`empresa_id`),
  KEY `Ref1248` (`alumno_id`),
  KEY `Ref1049` (`carrera_id`),
  KEY `Ref1956` (`tutore_id`)
) ENGINE=InnoDB DEFAULT CHARSET=latin1 AUTO_INCREMENT=1 ;

-- --------------------------------------------------------

--
-- Estructura de tabla para la tabla `departamentos`
--

CREATE TABLE IF NOT EXISTS `departamentos` (
  `id` int(11) NOT NULL AUTO_INCREMENT,
  `provincia_id` int(11) NOT NULL,
  `nombre` varchar(100) DEFAULT NULL,
  PRIMARY KEY (`id`),
  KEY `Ref2576` (`provincia_id`)
) ENGINE=InnoDB  DEFAULT CHARSET=latin1 AUTO_INCREMENT=575 ;

--
-- Volcado de datos para la tabla `departamentos`
--

INSERT INTO `departamentos` (`id`, `provincia_id`, `nombre`) VALUES
(1, 1, 'AZUL'),
(2, 1, 'PUAN'),
(3, 1, 'LA MATANZA'),
(4, 1, 'TIGRE'),
(5, 1, '25 DE MAYO'),
(6, 1, 'TRENQUE LAUQUEN'),
(7, 1, '9 DE JULIO'),
(8, 1, 'LANUS'),
(9, 1, 'LA PLATA'),
(10, 1, 'MONTE'),
(11, 1, 'PEHUAJO'),
(12, 1, 'SAN ISIDRO'),
(13, 1, 'PERGAMINO'),
(14, 1, 'ALBERTI'),
(15, 1, 'CHASCOMUS'),
(16, 1, 'ESTEBAN ECHEVERRIA'),
(17, 1, 'MERCEDES'),
(18, 1, 'BAHIA BLANCA'),
(19, 1, 'MERLO'),
(20, 1, 'JUNIN'),
(21, 1, 'GUAMINI'),
(22, 1, 'LUJAN'),
(23, 1, 'LEANDRO N.ALEM'),
(24, 1, 'MATANZA'),
(25, 1, 'GENERAL PAZ'),
(26, 1, 'SAN VICENTE'),
(27, 1, 'CAÑUELAS'),
(28, 1, 'ALMIRANTE BROWN'),
(29, 1, 'CNL.DE MARINA  L.ROSALES'),
(30, 1, 'BARADERO'),
(31, 1, 'SAAVEDRA'),
(32, 1, 'BRANDSEN'),
(33, 1, 'GENERAL SARMIENTO'),
(34, 1, 'TAPALQUE'),
(35, 1, 'SALADILLO'),
(36, 1, 'MAGDALENA'),
(37, 1, 'GONZALES CHAVES'),
(38, 1, 'GENERAL PINTO'),
(39, 1, 'NAVARRO'),
(40, 1, 'DAIREAUX'),
(41, 1, 'LOBOS'),
(42, 1, 'CORONEL DORREGO'),
(43, 1, 'ADOLFO ALSINA'),
(44, 1, 'COLON'),
(45, 1, 'GENERAL ARENALES'),
(46, 1, 'LINCOLN'),
(47, 1, 'VILLARINO'),
(48, 1, 'VICENTE LOPEZ'),
(49, 1, 'BARTOLOME MITRE'),
(50, 1, 'EXALTACION DE LA CRUZ'),
(51, 1, 'SALTO'),
(52, 1, 'BRAGADO'),
(53, 1, 'ZARATE'),
(54, 1, 'AVELLANEDA'),
(55, 1, 'AYACUCHO'),
(56, 1, 'SAN ANDRES DE GILES'),
(57, 1, 'TANDIL'),
(58, 1, 'RIVADAVIA'),
(59, 1, 'PATAGONES'),
(60, 1, 'GRL.VIAMONTE'),
(61, 1, 'CNL.DE MARINA LEONARDO ROSALES'),
(62, 1, 'BALCARCE'),
(63, 1, 'TRES ARROYOS'),
(64, 1, 'GENERAL VILLEGAS'),
(65, 1, 'LOMAS DE ZAMORA'),
(66, 1, 'BERISSO'),
(67, 1, 'JUAREZ'),
(68, 1, 'GRL.PUEYRREDON'),
(69, 1, 'CORONEL SUAREZ'),
(70, 1, 'ESCOBAR'),
(71, 1, 'CARLOS CASARES'),
(72, 1, 'CHIVILCOY'),
(73, 1, 'BERAZATEGUI'),
(74, 1, 'QUILMES'),
(75, 1, 'TORQUINST'),
(76, 1, '3 DE FEBRERO'),
(77, 1, 'OLAVARRIA'),
(78, 1, 'PELLEGRINI'),
(79, 1, 'GENERAL BELGANO'),
(80, 1, 'FLORENCIO VARELA'),
(81, 1, 'SALLIQUELO'),
(82, 1, 'CNL.DE MARINA L.ROSALES'),
(83, 1, 'MAR CHIQUITA'),
(84, 1, 'GENERAL PUEYRREDON'),
(85, 1, 'CAMPANA'),
(86, 1, 'GRL.SARMIENTO'),
(87, 1, 'ROJAS'),
(88, 1, 'SARMIENTO'),
(89, 1, 'CARMEN DE ARECO'),
(90, 1, 'PILA'),
(91, 1, 'TRES DE FEBRERO'),
(92, 1, 'MORON'),
(93, 1, 'CASTELLI'),
(94, 1, 'CHACABUCO'),
(95, 1, 'GENERAL VIAMONTE'),
(96, 1, 'RAUCH'),
(97, 1, 'GENERAL BELGRANO'),
(98, 1, 'TORNQUIST'),
(99, 1, 'NECOCHEA'),
(100, 1, 'MARCOS PAZ'),
(101, 1, 'CARLOS TEJEDOR'),
(102, 1, 'SAN PEDRO'),
(103, 1, 'GENERAL ALVARADO'),
(104, 1, 'SAN NICOLAS'),
(105, 1, 'HIPOLITO YRIGOYEN'),
(106, 1, 'LAS FLORES'),
(107, 1, 'CORONEL PRINGLES'),
(108, 1, 'GENERAL SAN MARTIN'),
(109, 1, 'BENITO JUAREZ'),
(110, 1, 'SAN CAYETANO'),
(111, 1, 'ADOLFO GONZALES CHAVES'),
(112, 1, 'DOLORES'),
(113, 1, 'SAN ANTONIO'),
(114, 1, 'LOBERIA'),
(115, 1, 'RAMALLO'),
(116, 1, 'GENERAL ALVEAR'),
(117, 1, 'ENSENADA'),
(118, 1, 'TORDILLO'),
(119, 1, 'GENERAL GUIDO'),
(120, 1, 'GENERAL LAS HERAS'),
(121, 1, 'GENERAL JUAN MADARIAGA'),
(122, 1, 'GENERAL LA MADRID'),
(123, 1, 'GENERAL LAVALLE'),
(124, 1, 'GENERAL RODRIGUEZ'),
(125, 1, 'GENERAL VLLEGAS'),
(126, 1, 'ADOLFO GONZALEZ CHAVES'),
(127, 1, 'CORONEL DE MARINA L.ROSALES'),
(128, 1, 'BOLIVAR'),
(129, 1, 'SAN FERNANDO'),
(130, 1, 'CAPITAN SARMIENTO'),
(131, 1, 'ROQUE PEREZ'),
(132, 1, 'MORENO'),
(133, 1, 'LAPRIDA'),
(134, 1, 'MAIPU'),
(135, 1, 'ECHEVERRIA'),
(136, 1, 'PILAR'),
(137, 1, 'CORONEL DE MARINA L. ROSALES'),
(138, 1, 'SUIPACHA'),
(139, 1, 'SAN ANTONIO DE ARECO'),
(140, 1, 'BARAZATEGUI'),
(141, 1, 'ALSINA'),
(142, 1, 'LEANDRO N. ELEM'),
(143, 1, 'GRL.SAN MARTIN'),
(144, 1, 'CORONEL'),
(145, 2, 'CAPAYAN'),
(146, 2, 'ANDALGALA'),
(147, 2, 'EL ALTO'),
(148, 2, 'SANTA ROSA'),
(149, 2, 'ANCASTI'),
(150, 2, 'PACLIN'),
(151, 2, 'SANTA MARIA'),
(152, 2, 'TINOGASTA'),
(153, 2, 'LA PAZ'),
(154, 2, 'VALLE VIEJO'),
(155, 2, 'ANTOFAGASTA DE LA SIERRA'),
(156, 2, 'BELEN'),
(157, 2, 'CAPITAL'),
(158, 2, 'FRAY MAMERTO ESQUIU'),
(159, 2, 'POMAN'),
(160, 2, 'AMBATO'),
(161, 3, 'INDEPENDENCIA'),
(162, 3, 'SAN FERNANDO'),
(163, 3, 'PRIMERO DE MAYO'),
(164, 3, 'FRAY JUSTO SANTA MARIA DE ORO'),
(165, 3, 'SARGENTO CABRAL'),
(166, 3, 'GENERAL GUEMES'),
(167, 3, 'TAPENAGA'),
(168, 3, 'CHACABUCO'),
(169, 3, 'LIBERTADOR GRL.SAN MARTIN'),
(170, 3, '25 DE MAYO'),
(171, 3, '12 DE OCTUBRE'),
(172, 3, 'COMANDANTE FERNANDEZ'),
(173, 3, 'QUITILIPI'),
(174, 3, 'MAYOR LUIS J.FONTANA'),
(175, 3, 'LIBERTAD'),
(176, 3, 'BERMEJO'),
(177, 3, 'ALMIRANTE BROWN'),
(178, 3, 'MEYOR LUIS J.FONTANA'),
(179, 3, 'GENERAL BELGRANO'),
(180, 3, 'LIBERTADOR GRL. SAN MARTIN'),
(181, 3, 'GENERAL DONOVAN'),
(182, 3, 'SAN LORENZO'),
(183, 3, 'LEBERTADOR GRL.SAN MARTIN'),
(184, 3, 'MAIPU'),
(185, 3, 'O''HIGGINS'),
(186, 3, '9 DE JULIO'),
(187, 3, 'LIBERTADOR SAN MARTIN'),
(188, 4, 'RIO SENGUERR'),
(189, 4, 'MARTIRES'),
(190, 4, 'ESCALANTE'),
(191, 4, 'GAIMAN'),
(192, 4, 'SARMIENTO'),
(193, 4, 'CUSHAMEN'),
(194, 4, 'FLORENTINO AMEGHINO'),
(195, 4, 'PASO DE INDIOS'),
(196, 4, 'TELSEN'),
(197, 4, 'LANGUIÑEO'),
(198, 4, 'GASTRE'),
(199, 4, 'FUTALEUFU'),
(200, 4, 'TEHUELCHES'),
(201, 4, 'RAWSON'),
(202, 4, 'BIEDMA'),
(203, 5, 'RIO CUARTO'),
(204, 5, 'TOTORAL'),
(205, 5, 'COLON'),
(206, 5, 'MINAS'),
(207, 5, 'PUNILLA'),
(208, 5, 'JUAREZ CELMAN'),
(209, 5, 'MARCOS JUAREZ'),
(210, 5, 'SAN JUSTO'),
(211, 5, 'TERCERO ARRIBA'),
(212, 5, 'RIO SECO'),
(213, 5, 'CAPITAL'),
(214, 5, 'SANTA MARIA'),
(215, 5, 'SAN ALBERTO'),
(216, 5, 'UNION'),
(217, 5, 'POCHO'),
(218, 5, 'CALAMUCHITA'),
(219, 5, 'ISCHILIN'),
(220, 5, 'GENERAL SAN MARTIN'),
(221, 5, 'RIO PRIMERO'),
(222, 5, 'CRUZ DEL EJE'),
(223, 5, 'GRL.ROCA'),
(224, 5, 'GENERAL ROCA'),
(225, 5, 'SOBREMONTE'),
(226, 5, 'RIO SEGUNDO'),
(227, 5, 'TULUMBA'),
(228, 5, 'SAN JAVIER'),
(229, 5, 'PRESIDENTE ROQUE SAEZ PEÑA'),
(230, 5, 'PRESIDENTE ROQUE SAENZ PEÑA'),
(232, 5, 'CRUZ DE EJE'),
(233, 5, 'CORONEL PRINGLES'),
(234, 5, 'RIO TERCERO'),
(235, 5, 'CVALAMUCHITA'),
(236, 6, 'SAN ROQUE'),
(237, 6, 'MONTE CASEROS'),
(238, 6, 'GENERAL ALVEAR'),
(239, 6, 'CURUZU CUATIA'),
(240, 6, 'SAN MARTIN'),
(241, 6, 'MERCEDES'),
(242, 6, 'SALADAS'),
(243, 6, 'ITUZAINGO'),
(244, 6, 'BERON DE ASTRADA'),
(245, 6, 'BELLA VISTA'),
(246, 6, 'SAN LUIS DEL PALMAR'),
(247, 6, 'CAPITAL'),
(248, 6, 'LAVALLE'),
(249, 6, 'PASO DE LOS LIBRES'),
(250, 6, 'GOYA'),
(251, 6, 'EMPEDRADO'),
(252, 6, 'SAUCE'),
(253, 6, 'GENERAL PAZ'),
(254, 6, 'SANTO TOME'),
(255, 6, 'SAN MIGUEL'),
(256, 6, 'CONCEPCION'),
(257, 6, 'ESQUINA'),
(258, 6, 'SAN COSME'),
(259, 6, 'ITATI'),
(260, 6, 'MBURUCUYA'),
(261, 7, 'URUGUAY'),
(262, 7, 'NOGOYA'),
(263, 7, 'TALA'),
(264, 7, 'GUALEGUAY'),
(265, 7, 'DIAMANTE'),
(266, 7, 'PARANA'),
(267, 7, 'GUALEGUAYCHU'),
(268, 7, 'COLON'),
(269, 7, 'VICTORIA'),
(270, 7, 'VILLAGUAY'),
(271, 7, 'FELICIANO'),
(272, 7, 'CONCORDIA'),
(273, 7, 'LA PAZ'),
(274, 7, 'FEDERACION'),
(275, 7, 'FEDERAL'),
(276, 7, 'CASTELLANOS'),
(277, 8, 'PILAGAS'),
(278, 8, 'PATIÑO'),
(279, 8, 'PILCOMAYO'),
(280, 8, 'BERMEJO'),
(281, 8, 'PIRANE'),
(282, 8, 'FORMOSA'),
(283, 8, 'MATACOS'),
(284, 8, 'RAMON LISTA'),
(285, 8, 'PILLAGAS'),
(286, 8, 'LAISHI'),
(287, 9, 'LEDESMA'),
(288, 9, 'COCHINOCA'),
(289, 9, 'EL CARMEN'),
(290, 9, 'TUMBAYA'),
(291, 9, 'CAPITAL'),
(292, 9, 'YAVI'),
(293, 9, 'HUMAHUACA'),
(294, 9, 'RINCONADA'),
(295, 9, 'VALLE GRANDE'),
(296, 9, 'SUSQUES'),
(297, 9, 'SANTA CATALINA'),
(298, 9, 'SAN ANTONIO'),
(299, 9, 'SANTA BARBARA'),
(300, 9, 'SAN PEDRO'),
(301, 9, 'TILCARA'),
(302, 9, 'LADESMA'),
(303, 10, 'HUCAL'),
(304, 10, 'REALICO'),
(305, 10, 'MARA CO'),
(306, 10, 'QUEMUQUEMU'),
(307, 10, 'CHICAL CO'),
(308, 10, 'GUATRACHE'),
(309, 10, 'CAPITAL'),
(310, 10, 'CALEUCALEU'),
(311, 10, 'TRENEL'),
(312, 10, 'UTRACAN'),
(313, 10, 'ATREUCO'),
(314, 10, 'TOAY'),
(315, 10, 'CHAPADLEUFU'),
(316, 10, 'CONELO'),
(317, 10, 'PUELEN'),
(318, 10, 'RANCUL'),
(319, 10, 'QUEMU QUEMU'),
(320, 10, 'LOVENTUE'),
(321, 10, 'CONHELO'),
(322, 10, 'CATRILO'),
(323, 10, 'CHAPALEUFU'),
(324, 10, 'ULTRACAN'),
(325, 10, 'CHALILEO'),
(326, 10, 'LIHUEL CALEL'),
(327, 10, 'MARACO'),
(328, 10, 'CALEU CALEU'),
(329, 10, 'CURACO'),
(330, 10, 'LIMAY MAHUIDA'),
(331, 11, 'CASTRO BARROS'),
(332, 11, 'GENERAL SAN MARTIN'),
(333, 11, 'GENERAL LAVALLE'),
(334, 11, 'ARAUCO'),
(335, 11, 'GRAL.ANGEL V.PEÑALOZA'),
(336, 11, 'SAN BLAS DE LOS SAUCES'),
(337, 11, 'INDEPENDENCIA'),
(338, 11, 'GENERAL OCAMPO'),
(339, 11, 'CHILECITO'),
(340, 11, 'FAMATINA'),
(341, 11, 'GRL.JUAN FACUNDO QUIROGA'),
(342, 11, 'GRL.ANGEL V. PEÑALOZA'),
(343, 11, 'GENERAL BELGRANO'),
(344, 11, 'GENERAL SARMIENTO'),
(345, 11, 'CAPITAL'),
(346, 11, 'GDOR. GORDILLO'),
(347, 11, 'GENERAL ANGEL VICENTE PEÑALOZA'),
(348, 11, 'GOBERNADOR GORDILLO'),
(349, 11, 'ROSARIO VERA PEÑALOZA'),
(350, 11, 'GRL.SAN MARTIN'),
(351, 11, 'GENERAL LA MADRID'),
(352, 11, 'GENERAL JUAN FACUNDO QUIROGA'),
(353, 11, 'GENERALOCAMPO'),
(354, 11, 'SANAGASTA'),
(355, 12, 'SAN RAFAEL'),
(356, 12, 'LUJAN'),
(357, 12, 'MALARGUE'),
(358, 12, 'GUAYMALLEN'),
(359, 12, 'LAVALLE'),
(360, 12, 'JUNIN'),
(361, 12, 'TUPUNGATO'),
(362, 12, 'RIVADAVIA'),
(363, 12, 'MAIPU'),
(364, 12, 'GODOY CRUZ'),
(365, 12, 'GENERAL ALVEAR'),
(366, 12, 'LA PAZ'),
(367, 12, 'TUNUYAN'),
(368, 12, 'SAN CARLOS'),
(369, 12, 'LAS HERAS'),
(370, 12, 'LUJAN DE CUYO'),
(371, 12, 'SAN MARTIN'),
(372, 12, 'SANTA ROSA'),
(373, 12, 'CAPITAL'),
(374, 13, '25 DE MAYO'),
(375, 13, 'IGUAZU'),
(376, 13, 'EL DORADO'),
(377, 13, 'LEANDRO N. ALEM'),
(378, 13, 'APOSTOLES'),
(379, 13, 'CAINGUAS'),
(380, 13, 'LEANDRO N.ALEM'),
(381, 13, 'CONCEPCION'),
(382, 13, 'SAN PEDRO'),
(383, 13, 'CANDELARIA'),
(384, 13, 'GRL.MANUEL BELGRANO'),
(385, 13, 'OBERA'),
(386, 13, 'LIBERTADOR GRL.SAN MARTIN'),
(387, 13, 'SAN IGNACIO'),
(388, 13, 'MONTECARLO'),
(389, 13, 'GENERAL MANUEL BELGRANO'),
(390, 13, 'LEBERTADOR GRL.SAN MARTIN'),
(391, 13, 'EL GUARANI'),
(392, 13, 'ELDORADO'),
(393, 13, 'CAPITAL'),
(394, 13, 'GUARANI'),
(395, 13, 'SAN JAVIER'),
(396, 13, 'LIBERTADOR GRL. SAN MARTIN'),
(397, 14, 'COLLON CURA'),
(398, 14, 'ALUMINE'),
(399, 14, 'MINAS'),
(400, 14, 'AÑELO'),
(401, 14, 'CONFLUENCIA'),
(402, 14, 'CHOS MALAL'),
(403, 14, 'PICUNCHES'),
(404, 14, 'NORQUIN'),
(405, 14, 'PEHUENCHES'),
(406, 14, 'LONCOPUE'),
(407, 14, 'HUILICHES'),
(408, 14, 'ZAPALA'),
(409, 14, 'CATAN LIL'),
(410, 14, 'ÑORQUIN'),
(411, 14, 'LOS LAGOS'),
(412, 14, 'PICUN LEUFU'),
(413, 14, 'LACAR'),
(414, 14, 'ÑOEQUIN'),
(415, 15, 'VALCHETA'),
(416, 15, '25 DE MAYO'),
(417, 15, 'EL CUY'),
(418, 15, 'ÑORQUINCO'),
(419, 15, 'GENERAL ROCA'),
(420, 15, 'AVELLANEDA'),
(421, 15, 'CONESA'),
(422, 15, 'PICHI MAHUIDA'),
(423, 15, 'SAN ANTONIO'),
(424, 15, 'PILCANIYEU'),
(425, 15, '9 DE JULIO'),
(426, 15, 'ADOLFO ALSINA'),
(427, 15, 'BARILOCHE'),
(428, 15, 'PIHI MAHUIDA'),
(429, 16, 'LA VIÑA'),
(430, 16, 'SAN MARTIN'),
(431, 16, 'ORAN'),
(432, 16, 'ANTA'),
(433, 16, 'GRAL.JOSE DE SAN MARTIN'),
(434, 16, 'GUACHIPAS'),
(435, 16, 'ROSARIO DE LA FRONTERA'),
(436, 16, 'RIVADAVIA'),
(437, 16, 'METAN'),
(438, 16, 'SAN CARLOS'),
(439, 16, 'GRL.GUEMES'),
(440, 16, 'CACHI'),
(441, 16, 'ROSARIO DE LERMA'),
(442, 16, 'CAFAYATE'),
(443, 16, 'LOS ANDES'),
(444, 16, 'GRL.JOSE DE SAN MARTIN'),
(445, 16, 'CAPITAL'),
(446, 16, 'GRL.SAN MARTIN'),
(447, 16, 'GENERAL GUEMES'),
(448, 16, 'CERRILLOS'),
(449, 16, 'CHICOANA'),
(450, 16, 'LA POMA'),
(451, 16, 'LA CAPITAL'),
(452, 16, 'CANDELARIA'),
(453, 16, 'ROSARIO'),
(454, 16, 'IRUYA'),
(455, 16, 'LA CALDERA'),
(456, 16, 'LOA ANDES'),
(457, 16, 'MOLINOS'),
(458, 16, 'SANTA VICTORIA'),
(459, 17, '9 DE JULIO'),
(460, 17, 'JACHAL'),
(461, 17, 'ALBARDON'),
(462, 17, '25 DE MAYO'),
(463, 17, 'SANTA LUCIA'),
(464, 17, 'ANGACO'),
(465, 17, 'IGLESIA'),
(466, 17, 'VALLE FERTIL'),
(467, 17, 'CALINGASTA'),
(468, 17, 'RIVADAVIA'),
(469, 17, 'CAUCETE'),
(470, 17, 'SARMIENTO'),
(471, 17, 'POCITO'),
(472, 17, 'SAN MARTIN'),
(473, 17, 'CHIMBAS'),
(474, 17, 'IGLESIAS'),
(475, 17, 'ULLUN'),
(476, 17, 'RAWSON'),
(477, 17, 'CAPITAL'),
(478, 17, 'ZONDA'),
(479, 18, 'BELGRANO'),
(480, 18, 'CHACABUCO'),
(481, 18, 'LA CAPITAL'),
(482, 18, 'GOBERNADOR DUPUY'),
(483, 18, 'GRL.PEDERNERA'),
(484, 18, 'AYACUCHO'),
(485, 18, 'JUNIN'),
(486, 18, 'GONERNADOR DUPUY'),
(487, 18, 'CORONEL PRINGLES'),
(488, 18, 'GENERAL PEDERNERA'),
(489, 18, 'GOBERNADOR DUVAL'),
(490, 18, 'IGLESIA'),
(491, 18, 'LIBERTADOR GRL. SAN MARTIN'),
(492, 18, 'LIBERTADOR GRL.SAN MARTIN'),
(493, 18, 'LIBERTADOR GR.SAN MARTIN'),
(494, 18, 'CAUCETE'),
(495, 19, 'GUER AIKE'),
(496, 19, 'DESEADO'),
(497, 19, 'RIO CHICO'),
(498, 19, 'MAGALLANES'),
(499, 19, 'LAGO ARGENTINO'),
(500, 19, 'CORPEN AIKE'),
(501, 19, 'LAGO BUENOS AIRES'),
(502, 20, 'GENERAL LOPEZ'),
(503, 20, 'ROSARIO'),
(504, 20, 'GENERAL OBLIGADO'),
(505, 20, 'CONSTITUCION'),
(506, 20, 'SAN LORENZO'),
(507, 20, 'SAN JAVIER'),
(508, 20, 'LA CAPITAL'),
(509, 20, 'SAN CRISTOBAL'),
(510, 20, 'IRIONDO'),
(511, 20, 'CASTELLANOS'),
(512, 20, 'NUEVE DE JULIO'),
(513, 20, 'CASEROS'),
(514, 20, 'SAN JERONIMO'),
(515, 20, 'BELGRANO'),
(516, 20, 'CAPITAL'),
(517, 20, 'SAN JUSTO'),
(518, 20, 'GRL.OBLIGADO'),
(519, 20, 'LA CAPUTAL'),
(520, 20, 'GRL.LOPEZ'),
(521, 20, 'VERA'),
(522, 20, '9 DE JULIO'),
(523, 20, 'SAN MARTIN'),
(524, 20, 'LAS COLONIAS'),
(525, 20, 'GARAY'),
(526, 20, 'CASTELANOS'),
(527, 20, 'LAS COLINAS'),
(528, 21, 'BANDA'),
(529, 21, 'MORENO'),
(530, 21, 'ALBERDI'),
(531, 21, 'PELLEGRINI'),
(532, 21, 'OJO DE AGUA'),
(533, 21, 'RIO HONDO'),
(534, 21, 'GENERAL TABOADA'),
(535, 21, 'CHOYA'),
(536, 21, 'CAPITAL'),
(537, 21, 'AGUIRRE'),
(538, 21, 'SILIPICA'),
(539, 21, 'BELGRANO'),
(540, 21, 'FIGUEROA'),
(541, 21, 'SALAVINA'),
(542, 21, 'QUEBRACHOS'),
(543, 21, 'ROBLES'),
(544, 21, 'AVELLANEDA'),
(545, 21, 'JIMENEZ'),
(546, 21, 'ATAMISQUI'),
(547, 21, 'SAN MARTIN'),
(548, 21, 'MATARA'),
(549, 21, 'SALAYINA'),
(550, 21, 'GUASAYAN'),
(551, 21, 'COPO'),
(552, 21, 'BRIGADIER JUAN FELIPE IBARRA'),
(553, 21, 'DOBLES'),
(554, 21, 'SARMIENTO'),
(555, 21, 'LORETO'),
(556, 21, 'MITRE'),
(557, 21, 'RIVADAVIA'),
(558, 22, 'USHUAIA'),
(559, 22, 'ISLAS DEL ATLANTICO SUR'),
(560, 22, 'SECTOR ANTARTICO ARGENTINO'),
(561, 22, 'RIO GRANDE'),
(562, 22, 'IS.DEL ATLANTICO SUR E IS.MALVINAS'),
(563, 22, 'ANTARTIDA ARGENTINA'),
(564, 23, 'BURRUYACU'),
(565, 23, 'TRANCAS'),
(566, 23, 'MONTEROS'),
(567, 23, 'LEALES'),
(568, 23, 'CRUZ ALTA'),
(569, 23, 'RIO CHICO'),
(570, 23, 'CHICLIGASTA'),
(571, 23, 'TAFI'),
(572, 23, 'GRANEROS'),
(573, 23, 'FAMAILLA'),
(574, 23, 'CAPITAL');

-- --------------------------------------------------------

--
-- Estructura de tabla para la tabla `empresas`
--

CREATE TABLE IF NOT EXISTS `empresas` (
  `id` int(11) NOT NULL AUTO_INCREMENT,
  `ContactoNombre` varchar(250) NOT NULL,
  `EmpresaCUIT` decimal(11,0) NOT NULL,
  `ConvenioFecha` date DEFAULT NULL,
  `PorcentajeGasto` int(11) DEFAULT NULL,
  `EmpresaRazonSocial` varchar(250) NOT NULL,
  `EmpresaActividad` varchar(512) DEFAULT NULL,
  `EmpresaDireccion` varchar(250) DEFAULT NULL,
  `EmpresaCorreo` varchar(250) DEFAULT NULL,
  `EmpresaTelefono` char(20) DEFAULT NULL,
  `RepresentanteNombre` varchar(250) DEFAULT NULL,
  `RepresentanteDNI` decimal(8,0) DEFAULT NULL,
  `PagaObraSocial` tinyint(4) NOT NULL,
  `PagaSeguroTrabajo` tinyint(4) NOT NULL,
  `PagaAsignacionEstimulo` tinyint(4) NOT NULL,
  `ConvenioFechaBaja` date DEFAULT NULL,
  `MotivoBaja` varchar(250) DEFAULT NULL,
  `password` varchar(250) DEFAULT NULL,
  `ArchivoCM` longblob,
  `localidade_id` int(11) NOT NULL,
  `ContactoTelefono` char(20) NOT NULL,
  `ContactoCorreo` varchar(250) NOT NULL,
  PRIMARY KEY (`id`),
  KEY `Ref2774` (`localidade_id`)
) ENGINE=InnoDB  DEFAULT CHARSET=latin1 AUTO_INCREMENT=4 ;

--
-- Volcado de datos para la tabla `empresas`
--

INSERT INTO `empresas` (`id`, `ContactoNombre`, `EmpresaCUIT`, `ConvenioFecha`, `PorcentajeGasto`, `EmpresaRazonSocial`, `EmpresaActividad`, `EmpresaDireccion`, `EmpresaCorreo`, `EmpresaTelefono`, `RepresentanteNombre`, `RepresentanteDNI`, `PagaObraSocial`, `PagaSeguroTrabajo`, `PagaAsignacionEstimulo`, `ConvenioFechaBaja`, `MotivoBaja`, `password`, `ArchivoCM`, `localidade_id`, `ContactoTelefono`, `ContactoCorreo`) VALUES
(1, 'Dario', '30611977752', NULL, 5, 'Fabrica SRL', 'CONSTRUCCIÃ“N, REFORMA Y REPARACIÃ“N DE EDIFICIOS NO RESIDENCIALES ', '9 de julio', 'facu@hotmail.com', '037944438123', '', NULL, 0, 0, 0, NULL, NULL, NULL, NULL, 1279, '3624987854', 'dario@dario.com'),
(2, 'Javier', '30611977761', '2014-11-11', 5, 'MEXE', 'Informatica', 'Junin 1747', 'mexe@mexe.com', '037944438123', 'Jorge Gonzalez', '29641223', 1, 1, 1, NULL, NULL, NULL, NULL, 2226, '3624987854', 'javier@hotmail.com'),
(3, 'Dario', '12345678910', '2014-11-20', 5, 'Amarilla Gas', 'Informatica', 'Resistencia', 'info@mexe.com.ar', '36244264', 'Jorge Gonzalez(editado)', '29641223', 1, 0, 1, '2014-11-13', 'vencio convenio', NULL, NULL, 1158, '3624987854', 'facu@hotmail.com');

-- --------------------------------------------------------

--
-- Estructura de tabla para la tabla `estadocuentas`
--

CREATE TABLE IF NOT EXISTS `estadocuentas` (
  `id` int(11) NOT NULL AUTO_INCREMENT,
  `empresa_id` int(11) NOT NULL,
  `Periodo` date NOT NULL,
  `NroMovimiento` decimal(10,0) DEFAULT NULL,
  `TipoMovimiento` char(1) NOT NULL,
  `Importe` decimal(10,0) NOT NULL,
  `Fecha` date NOT NULL,
  PRIMARY KEY (`id`),
  KEY `Ref232` (`empresa_id`)
) ENGINE=InnoDB DEFAULT CHARSET=latin1 AUTO_INCREMENT=1 ;

-- --------------------------------------------------------

--
-- Estructura de tabla para la tabla `firmantes`
--

CREATE TABLE IF NOT EXISTS `firmantes` (
  `id` int(11) NOT NULL AUTO_INCREMENT,
  `empresa_id` int(11) NOT NULL,
  `anexo_id` int(11) NOT NULL,
  `localidade_id` int(11) NOT NULL,
  `FirmanteCUIL` decimal(11,0) NOT NULL,
  `EmpresaCUIT` decimal(11,0) NOT NULL,
  `FirmanteNombre` varchar(250) NOT NULL,
  `FirmanteApellido` varchar(250) NOT NULL,
  `FirmanteTelefono` char(20) DEFAULT NULL,
  `FirmanteDireccion` varchar(512) DEFAULT NULL,
  `FirmanteCorreo` varchar(250) DEFAULT NULL,
  `FirmanteCargo` varchar(250) DEFAULT NULL,
  `FirmanteFechaBaja` date DEFAULT NULL,
  `FirmanteDNI` decimal(8,0) DEFAULT NULL,
  PRIMARY KEY (`id`),
  KEY `Ref461` (`anexo_id`),
  KEY `Ref227` (`empresa_id`),
  KEY `Ref2779` (`localidade_id`)
) ENGINE=InnoDB  DEFAULT CHARSET=latin1 AUTO_INCREMENT=2 ;

--
-- Volcado de datos para la tabla `firmantes`
--

INSERT INTO `firmantes` (`id`, `empresa_id`, `anexo_id`, `localidade_id`, `FirmanteCUIL`, `EmpresaCUIT`, `FirmanteNombre`, `FirmanteApellido`, `FirmanteTelefono`, `FirmanteDireccion`, `FirmanteCorreo`, `FirmanteCargo`, `FirmanteFechaBaja`, `FirmanteDNI`) VALUES
(1, 2, 2, 1279, '23350384529', '0', 'Facundo', 'Aguirre', '3624319772', 'Lopez y planes', 'isifc.facu@gmail.com', 'instructor', NULL, NULL);

-- --------------------------------------------------------

--
-- Estructura de tabla para la tabla `localidades`
--

CREATE TABLE IF NOT EXISTS `localidades` (
  `id` int(11) NOT NULL AUTO_INCREMENT,
  `departamento_id` int(11) NOT NULL,
  `nombre` varchar(100) DEFAULT NULL,
  PRIMARY KEY (`id`),
  KEY `Ref2675` (`departamento_id`)
) ENGINE=InnoDB  DEFAULT CHARSET=latin1 AUTO_INCREMENT=5440 ;

--
-- Volcado de datos para la tabla `localidades`
--

INSERT INTO `localidades` (`id`, `departamento_id`, `nombre`) VALUES
(1158, 161, 'AVIA TERAI'),
(1159, 162, 'BARRANQUERAS'),
(1160, 162, 'BASAIL'),
(1161, 163, 'BENITEZ'),
(1162, 164, 'CABEZA DE TIGRE'),
(1163, 162, 'CACUI ,EST'),
(1164, 161, 'CAMPO LARGO'),
(1165, 165, 'CAPITAN SOLARI'),
(1166, 166, 'CASTELLI ,EST.COLONIA J.J.CASTELLI'),
(1167, 167, 'CHARADAI'),
(1168, 168, 'CHARATA'),
(1169, 164, 'CHOROTIS'),
(1170, 169, 'CIERVO PETISO'),
(1171, 170, 'COLONIA AGRICOLA ABORIGEN CHACO'),
(1172, 162, 'COLONIA BARANDA'),
(1173, 171, 'COLONIA BRAVO'),
(1174, 164, 'COLONIA CABEZA DE TIGRE'),
(1175, 172, 'COLONIA CERVEZA HELADA'),
(1176, 173, 'COLONIA EL PARAISAL'),
(1177, 165, 'COLONIA ELISA'),
(1178, 165, 'COLONIA ELISA'),
(1179, 161, 'COLONIA JOSE MARMOL'),
(1180, 174, 'COLONIA JUAN JOSE PASO'),
(1181, 166, 'COLONIA LA FLORIDA GRANDE'),
(1182, 170, 'COLONIA LA TAMBORA'),
(1183, 161, 'COLONIA MARIANO SARRATEA'),
(1184, 175, 'COLONIA POPULAR'),
(1185, 176, 'COLONIA VELAZ'),
(1186, 165, 'COLONIAS UNIDAS'),
(1187, 177, 'CONCEPCION DEL BERMEJO'),
(1188, 178, 'CORONEL DU GRATY'),
(1189, 179, 'CORZUELA'),
(1190, 167, 'COTE-LAI'),
(1191, 166, 'EL ESPINILLO'),
(1192, 180, 'EL PERDIDO'),
(1193, 166, 'EL PINTADO'),
(1194, 162, 'FONTANA'),
(1195, 175, 'FORTIN CARDOSO'),
(1196, 166, 'FUERTE ESPERANZA'),
(1197, 171, 'GANCEDO'),
(1198, 171, 'GENERAL CAPDEVILA'),
(1199, 175, 'GENERAL DONOVAN'),
(1200, 169, 'GENERAL JOSE DE SAN MARTIN ,EST.ZAPALLAR'),
(1201, 175, 'GENERAL OBLIGADO'),
(1202, 171, 'GENERAL PINEDO'),
(1203, 176, 'GENERAL VEDIA'),
(1204, 172, 'GIRASOL ,EMB.'),
(1205, 167, 'HAUMONIA'),
(1206, 171, 'HERMOSO CAMPO'),
(1207, 167, 'HORQUILLA'),
(1208, 165, 'INGENIERO BARBET'),
(1209, 171, 'ITIN'),
(1210, 175, 'KILOMETR0 501 ,AP.'),
(1211, 165, 'KILOMETRO 22 ,EMB.'),
(1212, 165, 'KILOMETRO 29 ,EMB.'),
(1213, 165, 'KILOMETRO 34 ,EMB.'),
(1214, 165, 'KILOMETRO 39 ,EMB.'),
(1215, 169, 'KILOMETRO 42 ,EMB.'),
(1216, 167, 'KILOMETRO 443 ,EMB.'),
(1217, 167, 'KILOMETRO 474 ,EMB.'),
(1218, 169, 'KILOMETRO 48 ,EMB.'),
(1219, 181, 'KILOMETRO 518 ,DV.'),
(1220, 182, 'KILOMETRO 520 ,EMB.'),
(1221, 181, 'KILOMETRO 522 ,DV.'),
(1222, 182, 'KILOMETRO 53 ,AP.'),
(1223, 183, 'KILOMETRO 59 ,EMB.'),
(1224, 164, 'KILOMETRO 596 ,DV.'),
(1225, 165, 'KILOMETRO 602 ,AP.'),
(1226, 169, 'KILOMETRO 75'),
(1227, 184, 'KILOMETRO 841 ,EMB.'),
(1228, 184, 'KILOMETRO 855 ,EMB.'),
(1229, 184, 'KILOMETRO 884 ,EMB.'),
(1230, 173, 'LA CHIQUITA ,EMB.'),
(1231, 185, 'LA CLOTILDE'),
(1232, 169, 'LA EDUVIGIS'),
(1233, 181, 'LA ESCONDIDA'),
(1234, 181, 'LA ESCONDIDA ,EMB.'),
(1235, 166, 'LA FIDELIDAD'),
(1236, 176, 'LA LEONESA'),
(1237, 165, 'LA PASTORIL ,DV.'),
(1238, 167, 'LA SABANA'),
(1239, 185, 'LA TIGRA'),
(1240, 181, 'LA VERDE'),
(1241, 167, 'LA VICUÑA'),
(1242, 175, 'LAGUNA BLANCA'),
(1243, 180, 'LAGUNA LIMPIA'),
(1244, 181, 'LAPACHITO'),
(1245, 186, 'LAS BREÑAS'),
(1246, 165, 'LAS GARCITAS'),
(1247, 166, 'LAS HACHERAS'),
(1248, 176, 'LAS PALMAS'),
(1249, 171, 'LAS VIBORAS'),
(1250, 180, 'LOMA FLORIDA'),
(1251, 177, 'LOS FRENTONES'),
(1252, 162, 'LOS PALMARES'),
(1253, 171, 'LOS QUEBRACHITOS'),
(1254, 170, 'MACHAGAI'),
(1255, 181, 'MAKALLE'),
(1256, 166, 'MANANTIALES'),
(1257, 166, 'MIRAFLORES'),
(1258, 170, 'NAPALPI'),
(1259, 161, 'NAPENAY'),
(1260, 166, 'NUEVA POBLACION'),
(1261, 166, 'NUEVA POMPEYA'),
(1262, 166, 'PALO MARCADO'),
(1263, 169, 'PAMPA ALMIRON'),
(1264, 184, 'PAMPA CABA ÑARO'),
(1265, 186, 'PAMPA DEL CIELO'),
(1266, 169, 'PAMPA DEL INDIO'),
(1267, 177, 'PAMPA DEL INFIERNO'),
(1268, 184, 'PAMPA FLORIDA'),
(1269, 177, 'PAMPA GUANACO'),
(1270, 186, 'POZO DEL INDIO ,DV.'),
(1271, 177, 'POZO HONDO'),
(1272, 187, 'PRESIDENCIA ROCA'),
(1273, 172, 'PRESIDENCIA ROQUE SAENZ PEÑA'),
(1274, 176, 'PUERTO BERMEJO'),
(1275, 176, 'PUERTO LAS PALMAS'),
(1276, 175, 'PUERTO TIROL'),
(1277, 162, 'PUERTO VILELAS'),
(1278, 173, 'QUITILIPI'),
(1279, 162, 'RESISTENCIA'),
(1280, 177, 'RIO MUERTO'),
(1281, 167, 'RIO TAPENAGA'),
(1282, 182, 'SAMUHU'),
(1283, 185, 'SAN BERNARDO'),
(1284, 166, 'SAN JUANCITO'),
(1285, 164, 'SANTA SYLVINA'),
(1286, 169, 'SELVAS DEL RIO DE ORO'),
(1287, 166, 'SIMBOLAR'),
(1288, 177, 'TACO POZO'),
(1289, 168, 'TRES ESTACAS'),
(1290, 184, 'TRES ISLETAS'),
(1291, 164, 'TRES MOJONES'),
(1292, 166, 'TUNALES'),
(1293, 174, 'URIEN, ENRIQUE'),
(1294, 164, 'VENADOS GRANDES,EMB.'),
(1295, 174, 'VILLA ANGELA'),
(1296, 182, 'VILLA BERTHET'),
(1297, 176, 'YATAY'),
(1298, 166, 'ZAPARINQUI'),
(1299, 164, 'ZUBERBUHLER'),
(1300, 188, 'ALDEA'),
(1301, 188, 'ALDEA APELEG'),
(1302, 189, 'ALTO DE LAS PLUMAS'),
(1303, 188, 'ALTO RIO MAYO'),
(1304, 188, 'ALTO RIO SENGUERR'),
(1305, 188, 'APELEG'),
(1306, 190, 'ASTRA'),
(1307, 190, 'BAHIA BUSTAMANTE'),
(1308, 191, 'BOCA DE LA ZANJA'),
(1309, 192, 'BUEN PASTO'),
(1310, 193, 'BUENOS AIRES CHICO'),
(1311, 194, 'CABO RASO'),
(1312, 190, 'CALETA CORDOBA'),
(1313, 194, 'CAMARONES'),
(1314, 190, 'CAMPAMENTO I'),
(1315, 191, 'CAMPAMENTO VILLEGAS ,EST.'),
(1316, 190, 'CAMPO ESCALANTE ,AP.'),
(1317, 191, 'CAÑADON IGLESIAS'),
(1318, 192, 'CAÑADON LAGARTO ,EMB.'),
(1319, 195, 'CANQUEL'),
(1320, 190, 'CERRO DRAGON'),
(1321, 196, 'CHASICO'),
(1322, 193, 'CHOLILA'),
(1323, 197, 'COLAN CONHUE'),
(1324, 198, 'COLELACHE'),
(1325, 192, 'COLHUE HUAPI'),
(1326, 190, 'COMODORO RIVADAVIA'),
(1327, 190, 'DIADEMA ARGENTINA'),
(1328, 191, 'DIQUE FLORENTINO AMEGHINO'),
(1329, 188, 'DOCTOR RICARDO ROJAS'),
(1330, 191, 'DOLAVON'),
(1331, 199, 'EL CORCOVADO'),
(1332, 193, 'EL MAITEN'),
(1333, 193, 'EL MAYOCO'),
(1334, 189, 'EL MIRASOL'),
(1335, 200, 'EL MOLLE'),
(1336, 195, 'EL PAJARITO'),
(1337, 195, 'EL SOMBRERO'),
(1338, 190, 'EL TORDILLO'),
(1339, 193, 'EPUYEN'),
(1340, 190, 'ESCALANTE'),
(1341, 199, 'ESQUEL'),
(1342, 188, 'FACUNDO'),
(1343, 191, 'GAIMAN'),
(1344, 196, 'GAN GAN'),
(1345, 194, 'GARAYALDE'),
(1346, 198, 'GASTRE'),
(1347, 190, 'GENERAL MOSCONI'),
(1348, 200, 'GOBERNADOR COSTA'),
(1349, 193, 'GUALJAINA'),
(1350, 192, 'HERMITTE, ENRIQUE ,AP.'),
(1351, 190, 'HOLDICH'),
(1352, 193, 'HOYO DE EPUYEN'),
(1353, 193, 'INGENIERO BRUNO J.THOMAE ,AP.'),
(1354, 191, 'KILOMETR0 81 ,AP.'),
(1355, 190, 'KILOMETRO 11'),
(1356, 191, 'KILOMETRO 141'),
(1357, 191, 'KILOMETRO 161'),
(1358, 192, 'KILOMETRO 191 ,AP.'),
(1359, 189, 'KILOMETRO 192'),
(1360, 201, 'KILOMETRO 35'),
(1361, 201, 'KILOMETRO 78 ,AP.'),
(1362, 201, 'KILOMETRO 82 ,AP.'),
(1363, 201, 'KILOMETRO 87 ,AP.'),
(1364, 191, 'KILOMETRO 95 ,AP.'),
(1365, 188, 'LAGO BLANCO'),
(1366, 193, 'LAGO PUELO'),
(1367, 200, 'LAGO VINTTER'),
(1368, 189, 'LAGUNA GRANDE ,EMB.'),
(1369, 197, 'LANGUIÑEO'),
(1370, 189, 'LAS CHAPAS'),
(1371, 189, 'LAS PLUMAS'),
(1372, 192, 'LAS PULGAS'),
(1373, 193, 'LELEQUE'),
(1374, 193, 'LEPA'),
(1375, 199, 'LOS CIPRESES'),
(1376, 194, 'MALASPINA'),
(1377, 190, 'MANANTIALES BERH'),
(1378, 200, 'NUEVA LUBECKA'),
(1379, 190, 'PAMPA DEL CASTILLO'),
(1380, 195, 'PASO DE INDIOS'),
(1381, 188, 'PASTOS BLANCOS'),
(1382, 190, 'PETROQUIMICA ,EST.COMFERPET'),
(1383, 190, 'PICO DE SALAMANCA'),
(1384, 201, 'PLAYA UNION'),
(1385, 202, 'PUERTO MADRYN'),
(1386, 202, 'PUERTO PIRAMIDE'),
(1387, 201, 'PUERTO RAWSON'),
(1388, 190, 'PUERTO VISSER'),
(1389, 202, 'PUNTA DELGADA'),
(1390, 200, 'PUTRACHOIQUE'),
(1391, 190, 'RADA TILLY'),
(1392, 201, 'RAWSON'),
(1393, 188, 'RIO MAYO'),
(1394, 200, 'RIO PICO'),
(1395, 198, 'SACANANA'),
(1396, 200, 'SAN MARTIN, JOSE DE'),
(1397, 192, 'SARMIENTO'),
(1398, 196, 'SIERRA CHATA'),
(1399, 195, 'SIERRA NEVADA'),
(1400, 196, 'TALAGAPA'),
(1401, 197, 'TECKA'),
(1402, 196, 'TELSEN'),
(1403, 201, 'TRELEW'),
(1404, 199, 'TREVELIN'),
(1405, 194, 'UZCUDUM'),
(2170, 236, '9 DE JULIO ,EST.PUEBLO DE JULIO'),
(2171, 237, 'ACUÑA'),
(2172, 238, 'AGUAPEY'),
(2173, 239, 'AGUAY'),
(2174, 240, 'ALEM CUE'),
(2175, 241, 'ALFONSO LOMA'),
(2176, 238, 'ALVEAR'),
(2177, 242, 'ANGUA'),
(2178, 243, 'APIPE'),
(2179, 244, 'ARERUNGUA'),
(2180, 245, 'ARROYITO'),
(2181, 242, 'ARROYO AMBROSIO ,AP.'),
(2182, 236, 'ARROYO GONZALEZ'),
(2183, 246, 'ARROYO PONTON'),
(2184, 239, 'BAIBIENE'),
(2185, 247, 'BAÑADO SUR'),
(2186, 248, 'BATEL'),
(2187, 245, 'BELLA VISTA'),
(2188, 244, 'BERON DE ASTRADA'),
(2189, 249, 'BONPLAND'),
(2190, 241, 'BOQUERON'),
(2191, 250, 'BUENA VISTA'),
(2192, 241, 'CAA GUAZU ,AP.'),
(2193, 249, 'CABRED'),
(2194, 251, 'CAMPO GRANDE'),
(2195, 246, 'CAMPO GRANDE'),
(2196, 252, 'CAÑADITAS'),
(2197, 253, 'CAPILLITAS'),
(2198, 239, 'CAPITAN JOAQUIN MADARIAGA'),
(2199, 254, 'CAZA PAVA'),
(2200, 239, 'CAZADORES CORRENTINOS'),
(2201, 253, 'CERRITO'),
(2202, 246, 'CERRUDO CUE'),
(2203, 236, 'CHAVARRIA'),
(2204, 245, 'COLONIA 3 DE ABRIL'),
(2205, 239, 'COLONIA BARRIENTOS'),
(2206, 237, 'COLONIA BUEN RETIRO'),
(2207, 240, 'COLONIA CARLOS PELLEGRINI'),
(2208, 250, 'COLONIA CAROLINA'),
(2209, 250, 'COLONIA CAROLINA ,AP.'),
(2210, 254, 'COLONIA GARABI'),
(2211, 250, 'COLONIA ISABEL VICTORIA'),
(2212, 255, 'COLONIA MADARIAGA'),
(2213, 236, 'COLONIA PANDO'),
(2214, 250, 'COLONIA PORVENIR'),
(2215, 245, 'COLONIA PROGRESO'),
(2216, 250, 'COLONIA PUCHETA'),
(2217, 253, 'COLONIA ROMERO'),
(2218, 253, 'COLONIA SAN MARTIN'),
(2219, 242, 'COLONIA SARGENTO JUAN B. CABRAL'),
(2220, 256, 'COLONIA TATACUA'),
(2221, 248, 'COLONIA YATAYTI CALLE'),
(2222, 256, 'CONCEPCION'),
(2223, 239, 'CONI, EMILIO R.'),
(2224, 257, 'CORONEL ABRAHAM SCHWEIZER'),
(2225, 254, 'CORONEL DESIDERIO SOSA'),
(2226, 247, 'CORRIENTES'),
(2227, 246, 'COSTA GRANDE'),
(2228, 248, 'CRUCESITA'),
(2229, 248, 'CRUZ DE LOS MILAGROS'),
(2230, 254, 'CUAY GRANDE'),
(2231, 239, 'CURUZU CUATIA'),
(2232, 251, 'DERQUI, MANUEL'),
(2233, 245, 'DESMOCHADO'),
(2234, 239, 'DIAZ COLODRERO,PEDRO'),
(2235, 247, 'DOCTOR FELIX MARIA GOMEZ ,AP.'),
(2236, 241, 'EJERCITO ARGENTINO ,DV.'),
(2237, 251, 'EL SOMBRERO ,EMB.'),
(2238, 246, 'EMPEDRADO LIMPIO'),
(2239, 258, 'ENSENADA GRANDE'),
(2240, 257, 'ESQUINA'),
(2241, 250, 'FANEGAS'),
(2242, 236, 'FERNANDEZ, PEDRO R.,EST.M.F.MANSILLA'),
(2243, 254, 'GALARZA'),
(2244, 254, 'GARRUCHOS'),
(2245, 254, 'GDOR.IGR.VALENTIN VIRASORO.GDOR.VIRASORO'),
(2246, 248, 'GOBERNADOR JUAN E.MARTINEZ'),
(2247, 250, 'GOYA'),
(2248, 240, 'GUAVIRAVI ,EST.25 DE FEBRERO'),
(2249, 257, 'GUAYQUIRARO'),
(2250, 246, 'HERLITKZA'),
(2251, 254, 'HORMIGUERO'),
(2252, 253, 'IBAHAY'),
(2253, 250, 'IFRAN'),
(2254, 258, 'INGENIO PRIMER CORRENTINO'),
(2255, 240, 'ISOQUI'),
(2256, 253, 'ITA IBATE'),
(2257, 259, 'ITATI'),
(2258, 243, 'ITUZAINGO'),
(2259, 245, 'KILOMETR 402 ,AP.'),
(2260, 237, 'KILOMETR0 167 ,AP.'),
(2261, 249, 'KILOMETR0 301 ,AP.'),
(2262, 237, 'KILOMETRO 104 ,AP.'),
(2263, 237, 'KILOMETRO 120 ,AP.'),
(2264, 237, 'KILOMETRO 161 ,PDA.'),
(2265, 237, 'KILOMETRO 173 ,EMB'),
(2266, 237, 'KILOMETRO 182 ,AP.'),
(2267, 249, 'KILOMETRO 204 ,AP.'),
(2268, 236, 'KILOMETRO 374 ,AP.'),
(2269, 236, 'KILOMETRO 382 ,AP.'),
(2270, 236, 'KILOMETRO 387 ,AP.'),
(2271, 238, 'KILOMETRO 394 ,AP.'),
(2272, 254, 'KILOMETRO 396 ,AP.'),
(2273, 239, 'KILOMETRO 405 .AP.'),
(2274, 245, 'KILOMETRO 406 ,AP.'),
(2275, 248, 'KILOMETRO 410 ,AP.'),
(2276, 248, 'KILOMETRO 416 ,AP.'),
(2277, 242, 'KILOMETRO 431 ,AP.'),
(2278, 254, 'KILOMETRO 442 ,AP.'),
(2279, 251, 'KILOMETRO 451 ,AP.'),
(2280, 254, 'KILOMETRO 459 ,AP.'),
(2281, 254, 'KILOMETRO 470 ,AP.'),
(2282, 251, 'KILOMETRO 476 ,AP.'),
(2283, 254, 'KILOMETRO 479 ,AP.'),
(2284, 251, 'KILOMETRO 485 ,AP.'),
(2285, 254, 'KILOMETRO 489 ,AP.'),
(2286, 251, 'KILOMETRO 492 ,AP.'),
(2287, 251, 'KILOMETRO 501 ,AP.'),
(2288, 247, 'KILOMETRO 504 ,AP.'),
(2289, 254, 'KILOMETRO 506 ,AP.'),
(2290, 247, 'KILOMETRO 512 ,AP.'),
(2291, 247, 'KILOMETRO 516 ,AP.'),
(2292, 254, 'KILOMETRO 517 ,AP.'),
(2293, 257, 'LA CASUALIDAD'),
(2294, 240, 'LA CRUZ'),
(2295, 237, 'LABOUGLE'),
(2296, 247, 'LAGUNA BRAVA'),
(2297, 245, 'LAS LOMAS'),
(2298, 238, 'LAS PALMITAS'),
(2299, 248, 'LAVALLE'),
(2300, 237, 'LIBERTAD'),
(2301, 237, 'LIBERTAD ,EST.'),
(2302, 246, 'LOMAS DE GALARZA'),
(2303, 253, 'LOMAS DE VALLEJOS'),
(2304, 255, 'LORETO'),
(2305, 241, 'LOZA, MARIANO I. ,EST.JUSTINO SOLARI'),
(2306, 246, 'MALOYAS'),
(2307, 257, 'MALVINAS'),
(2308, 260, 'MANANTIALES'),
(2309, 260, 'MBURUCUYA'),
(2310, 241, 'MERCEDES'),
(2311, 239, 'MINUANES ,AP.'),
(2312, 237, 'MONTE CASEROS'),
(2313, 246, 'MONTE GRANDE'),
(2314, 250, 'MORA'),
(2315, 245, 'MUCHAS ISLAS'),
(2316, 241, 'NARANJITO'),
(2317, 253, 'NUESTRA SEÑORA DEL ROSARIO DE CAA CATI'),
(2318, 249, 'OMBUCITO'),
(2319, 239, 'PAGO LARGO'),
(2320, 250, 'PAGO REDONDO'),
(2321, 253, 'PALMAR GRANDE'),
(2322, 238, 'PANCHO CUE'),
(2323, 250, 'PARAJE SAN ISIDRO'),
(2324, 258, 'PASO DE LA PATRIA'),
(2325, 249, 'PASO DE LOS LIBRES'),
(2326, 253, 'PASO FLORENTIN'),
(2327, 238, 'PASO ITU'),
(2328, 247, 'PASO PESOA'),
(2329, 239, 'PERUGORRIA'),
(2330, 243, 'PLAYADITO'),
(2331, 249, 'PUCHETA ,PDA.'),
(2332, 257, 'PUEBLO LIBERTADOR'),
(2333, 248, 'PUENTE BATEL'),
(2334, 251, 'PUERTO EMPEDRADO'),
(2335, 250, 'PUERTO GOYA'),
(2336, 248, 'PUERTO LAVALLE'),
(2337, 253, 'PUISOYE'),
(2338, 237, 'PUJOL, JUAN'),
(2339, 260, 'PUNTA GRANDE'),
(2340, 259, 'RAMADA PASO'),
(2341, 246, 'RAMONES'),
(2342, 247, 'RIACHUELO'),
(2343, 237, 'SAENZ VALIENTE'),
(2344, 242, 'SALADAS'),
(2345, 253, 'SALDAÑA'),
(2346, 249, 'SAN ANTONIO'),
(2347, 243, 'SAN CARLOS'),
(2348, 258, 'SAN COSME'),
(2349, 240, 'SAN GABRIEL'),
(2350, 242, 'SAN LORENZO'),
(2351, 246, 'SAN LUIS DEL PALMAR'),
(2352, 255, 'SAN MIGUEL'),
(2353, 236, 'SAN ROQUE'),
(2354, 249, 'SAN SALVADOR'),
(2355, 258, 'SANTA ANA'),
(2356, 248, 'SANTA LUCIA'),
(2357, 256, 'SANTA ROSA'),
(2358, 250, 'SANTILLAN'),
(2359, 254, 'SANTO TOME'),
(2360, 252, 'SAUCE'),
(2361, 256, 'TABAY'),
(2362, 253, 'TACUARAL'),
(2363, 236, 'TACUARITAS'),
(2364, 249, 'TAPEBICUA'),
(2365, 241, 'TIMBOCITO'),
(2366, 238, 'TORRENT'),
(2367, 241, 'UGUAY'),
(2368, 239, 'VACA CUA'),
(2369, 248, 'VILLA CORDOBA'),
(2370, 244, 'YAHAPE'),
(2371, 240, 'YAPEYU'),
(2372, 249, 'YAPEYU ,AP.'),
(2373, 241, 'YOFRE, FELIPE'),
(2374, 241, 'YUQUERI'),
(2375, 261, '1° DE MAYO'),
(2376, 262, '20 DE SEPTIEMBRE'),
(2377, 263, 'ACHAGUE'),
(2378, 261, 'ALBERTO GERCHUNOF ,PDA.'),
(2379, 264, 'ALDEA ASUNCION'),
(2380, 265, 'ALDEA BRASILERA'),
(2381, 266, 'ALDEA CUESTA'),
(2382, 266, 'ALDEA MARIA LUISA'),
(2383, 265, 'ALDEA PROTESTANTE'),
(2384, 267, 'ALDEA SAN ANTONIO'),
(2385, 268, 'ALDEA SAN GREGORIO'),
(2386, 267, 'ALDEA SAN JUAN'),
(2387, 266, 'ALDEA SANTA MARIA'),
(2388, 265, 'ALDEA SPATZENKUTTER'),
(2389, 265, 'ALDEA VALLE MARIA'),
(2390, 262, 'ALGARROBITOS'),
(2391, 263, 'ALTAMIRANO NORTE'),
(2392, 263, 'ALTAMIRANO SUR'),
(2393, 269, 'ANTELO'),
(2394, 269, 'ARANGUREN'),
(2395, 268, 'ARROYO BARU'),
(2396, 263, 'ARROYO CLE'),
(2397, 270, 'ARROYO DEL MEDIO'),
(2398, 268, 'ARROYO PALMAR ,EST.'),
(2399, 261, 'ARROYO URQUIZA'),
(2400, 271, 'ATENCIO'),
(2401, 266, 'BAJADA GRANDE'),
(2402, 261, 'BASAVILBASO'),
(2403, 265, 'BELGRANO'),
(2404, 272, 'BENITO LEGEREN ,AP.'),
(2405, 268, 'BERDUC ,EST.MARTINIANO LEGUIZAMON'),
(2406, 267, 'BERISSO ,EMB.'),
(2407, 262, 'BETBEDER'),
(2408, 266, 'BOCA DEL TIGRE ,AP.'),
(2409, 273, 'BOVRIL'),
(2410, 272, 'CALABACILLAS'),
(2411, 265, 'CAMPS'),
(2412, 267, 'CARBO, ENRIQUE'),
(2413, 267, 'CEIBAS'),
(2414, 266, 'CERRITO ,EST.COLONIA CERRITO'),
(2415, 274, 'CHAJARI'),
(2416, 275, 'CHAÑAR'),
(2417, 270, 'CLARA'),
(2418, 268, 'COLON'),
(2419, 274, 'COLONIA ARGENTINA'),
(2420, 266, 'COLONIA ARGENTINA'),
(2421, 274, 'COLONIA ARRUABARRENA'),
(2422, 273, 'COLONIA AVIGDOR'),
(2423, 270, 'COLONIA BELEZ'),
(2424, 273, 'COLONIA BUENA VISTA'),
(2425, 261, 'COLONIA CASEROS ,EST.CASEROS'),
(2426, 266, 'COLONIA CENTENARIO ,AP.'),
(2427, 267, 'COLONIA DELTA'),
(2428, 268, 'COLONIA EL CARMEN'),
(2429, 261, 'COLONIA EL SAUCE'),
(2430, 261, 'COLONIA ELIA'),
(2431, 274, 'COLONIA ENSANCHE SAUCE'),
(2432, 268, 'COLONIA HAMBIS'),
(2433, 268, 'COLONIA HOCKER'),
(2434, 268, 'COLONIA HUGHES'),
(2435, 270, 'COLONIA NUEVA ALEMANIA'),
(2436, 268, 'COLONIA SAN ERNESTO'),
(2437, 268, 'COLONIA SAN MIGUEL'),
(2438, 270, 'COLONIA SAN VICENTE'),
(2439, 261, 'CONCEPCION DEL URUGUAY'),
(2440, 272, 'CONCORDIA'),
(2441, 275, 'CONSCRIPTO BERNARDI'),
(2442, 265, 'COSTA GRANDE'),
(2443, 266, 'CRESPO'),
(2444, 267, 'CUCHILLA REDONDA'),
(2445, 266, 'CURTIEMBRE'),
(2446, 265, 'DIAMANTE'),
(2447, 262, 'DON CRISTOBAL'),
(2448, 275, 'DON GONZALO ,AP.'),
(2449, 263, 'DURAZNO'),
(2450, 268, 'EL BRILLANTE'),
(2451, 275, 'EL CIMARRON'),
(2452, 272, 'EL GUALEGUAY ,AP.'),
(2453, 275, 'EL MOCHO ,AP.'),
(2454, 275, 'EL PAGO ,AP.'),
(2455, 266, 'EL PALENQUE ,AP.'),
(2456, 266, 'EL PINGO'),
(2457, 272, 'EL REDOMON'),
(2458, 267, 'ESCRIÑA'),
(2459, 273, 'ESTACAS'),
(2460, 268, 'FABRICA COLON'),
(2461, 262, 'FEBRE'),
(2462, 274, 'FEDERACION'),
(2463, 275, 'FEDERAL'),
(2464, 267, 'FERNANDEZ ,EMB.'),
(2465, 274, 'FORTUNA'),
(2466, 271, 'GARAT, JUAN ,EST.GARAT'),
(2467, 267, 'GENERAL ALMADA'),
(2468, 265, 'GENERAL ALVEAR'),
(2469, 272, 'GENERAL CAMPOS'),
(2470, 264, 'GENERAL GALARZA'),
(2471, 266, 'GENERAL GUEMES'),
(2472, 265, 'GENERAL RACEDO'),
(2473, 265, 'GENERAL RAMIREZ ,EST.RAMIREZ'),
(2474, 267, 'GILBERT'),
(2475, 263, 'GOBERNADOR MANSILLA'),
(2476, 264, 'GONZALEZ CALDERON'),
(2477, 262, 'GONZALEZ, LUCAS'),
(2478, 264, 'GUALEGUAY'),
(2479, 267, 'GUALEGUAYCHU'),
(2480, 263, 'GUARDAMONTE'),
(2481, 266, 'HASENKAMP'),
(2482, 262, 'HERNANDEZ'),
(2483, 261, 'HERRERA'),
(2484, 267, 'HOLT ,EST'),
(2485, 267, 'IBICUY'),
(2486, 267, 'IRAZUSTA'),
(2487, 268, 'JUAN JORGE'),
(2488, 270, 'JUBILEO'),
(2489, 273, 'KILOMETRO 160 ,AP.'),
(2490, 263, 'KILOMETRO 180 ,AP.'),
(2491, 263, 'KILOMETRO 183,AP.'),
(2492, 263, 'KILOMETRO 200 ,AP.'),
(2493, 261, 'KILOMETRO 208 ,AP.'),
(2494, 263, 'KILOMETRO 213 ,AP.'),
(2495, 270, 'KILOMETRO 306 ,AP.'),
(2496, 270, 'KILOMETRO 325 ,AP.'),
(2497, 272, 'KILOMETRO 33 ,AP.'),
(2498, 267, 'KILOMETRO 340 ,PDA.'),
(2499, 267, 'KILOMETRO 361 ,EMB.'),
(2500, 267, 'KILOMETRO 389 ,AP.'),
(2501, 268, 'KILOMETRO 45 ,AP.'),
(2502, 267, 'LA ARGENTINA'),
(2503, 275, 'LA CALANDRIA'),
(2504, 268, 'LA CLARITA'),
(2505, 272, 'LA CRIOLLA'),
(2506, 271, 'LA ESMERALDA'),
(2507, 272, 'LA GRANJA'),
(2508, 271, 'LA HIERRA'),
(2509, 262, 'LA LLAVE'),
(2510, 273, 'LA PAZ'),
(2511, 266, 'LA PICADA'),
(2512, 272, 'LA QUERENCIA'),
(2513, 275, 'LA VIRGEN ,AP.'),
(2514, 270, 'LAGUNA LARGA'),
(2515, 267, 'LARROQUE'),
(2516, 265, 'LAS CUEVAS'),
(2517, 266, 'LAS DELICIAS'),
(2518, 266, 'LAS GARZAS'),
(2519, 267, 'LAS MERCEDES'),
(2520, 261, 'LAS MOSCAS'),
(2521, 271, 'LAS MULITAS'),
(2522, 264, 'LAZO'),
(2523, 272, 'LEDESMA, CLODOMIRO'),
(2524, 273, 'LEGUIZAMON'),
(2525, 261, 'LIBAROS'),
(2526, 268, 'LIEBIG'),
(2527, 272, 'LOS CHARRUAS'),
(2528, 274, 'LOS CONQUISTADORES'),
(2529, 263, 'MACIA'),
(2530, 272, 'MAGNASCO, OSVALDO'),
(2531, 274, 'MANDISOVI'),
(2532, 267, 'MAZARUCA'),
(2533, 267, 'MEDANOS'),
(2534, 275, 'MIÑONES'),
(2535, 270, 'MOJONES NORTE'),
(2536, 270, 'MOJONES SUR'),
(2537, 269, 'MOLINO DOLL'),
(2538, 273, 'MONTIEL'),
(2539, 269, 'MONTOYA'),
(2540, 275, 'MOREIRA'),
(2541, 262, 'NOGOYA'),
(2542, 272, 'NUEVA ESCOCIA'),
(2543, 275, 'NUEVA VIZCAYA'),
(2544, 266, 'ORO VERDE'),
(2545, 267, 'PALAVECINO'),
(2546, 268, 'PALMAR'),
(2547, 271, 'PALO A PIQUE'),
(2548, 266, 'PARANA'),
(2549, 267, 'PARANACITO ,EST.LIB.GRL.SAN MARTIN'),
(2550, 267, 'PARERA, FAUSTINO M.'),
(2551, 266, 'PARERA, RAMONA A. ,EMB.'),
(2552, 270, 'PASO DE LA LAGUNA'),
(2553, 267, 'PASTOR BRITOS'),
(2554, 272, 'PEDERNAL'),
(2555, 267, 'PERDICES'),
(2556, 273, 'PIEDRAS BLANCAS'),
(2557, 273, 'PILOTO AVILA'),
(2558, 273, 'PRIMER CONGRESO ,AP.'),
(2559, 261, 'PRONUNCIAMIENTO'),
(2560, 273, 'PUEBLO ARRUA ,EST.ALCARAZ'),
(2561, 266, 'PUEBLO BRUGO'),
(2562, 272, 'PUEBLO FERRE'),
(2563, 266, 'PUEBLO GENERAL PAZ'),
(2564, 266, 'PUEBLO MORENO'),
(2565, 261, 'PUERTO CUPALEN'),
(2566, 267, 'PUERTO IBICUY'),
(2567, 267, 'PUERTO UNZUE'),
(2568, 265, 'PUIGGARI'),
(2569, 270, 'RAICES'),
(2570, 269, 'RINCON DE NOGOYA'),
(2571, 261, 'ROCAMORA'),
(2572, 263, 'ROSARIO DE TALA ,EST.TALA'),
(2573, 266, 'SAN BENITO'),
(2574, 273, 'SAN GUSTAVO'),
(2575, 271, 'SAN JAIME'),
(2576, 270, 'SAN JORGE'),
(2577, 271, 'SAN JOSE DE FELICIANO'),
(2578, 261, 'SAN JUSTO'),
(2579, 274, 'SAN RAMON'),
(2580, 268, 'SAN SALVADOR'),
(2581, 271, 'SAN VICTOR'),
(2582, 274, 'SANTA ANA'),
(2583, 261, 'SANTA ANITA'),
(2584, 273, 'SANTA ELENA'),
(2585, 275, 'SAUCE DE LUNA'),
(2586, 266, 'SAUCE PINTO'),
(2587, 266, 'SEGUI'),
(2588, 263, 'SOLA'),
(2589, 266, 'SOSA'),
(2590, 265, 'STROBEL'),
(2591, 266, 'TABOSSI'),
(2592, 261, 'TALITA'),
(2593, 273, 'TALITAS ,AP.'),
(2594, 275, 'TENIENTE 1° BRIGIDO CAINZO ,AP.'),
(2595, 266, 'TEZANOS PINTO'),
(2596, 264, 'TRES BOCAS'),
(2597, 268, 'UBAJAY'),
(2598, 267, 'URDINARRAIN'),
(2599, 266, 'VIALE'),
(2600, 269, 'VICTORIA'),
(2601, 274, 'VILLA DEL ROSARIO'),
(2602, 270, 'VILLA DOMINGUEZ ,EST.DOMINGUEZ'),
(2603, 268, 'VILLA ELISA'),
(2604, 266, 'VILLA HERNANDARIAS'),
(2605, 261, 'VILLA MANTERO'),
(2606, 266, 'VILLA MARIA GRANDE'),
(2607, 267, 'VILLA NUEVA MONTEVIDEO'),
(2608, 267, 'VILLA PARANACITO'),
(2609, 268, 'VILLA SAN JOSE'),
(2610, 276, 'VILLA SAN JOSE'),
(2611, 261, 'VILLA SAN MARCIAL ,EST.GDR.URQUIZA'),
(2612, 266, 'VILLA URQUIZA'),
(2613, 272, 'VILLA ZORRAQUIN'),
(2614, 270, 'VILLAGUAY'),
(2615, 272, 'YAROS'),
(2616, 272, 'YERUA'),
(2617, 273, 'YESO'),
(2618, 272, 'YUQUERI'),
(2619, 277, 'APAYEREY'),
(2620, 278, 'BARTOLOME DE LAS CASAS'),
(2621, 279, 'BOUVIER'),
(2622, 278, 'BRUCHARD'),
(2623, 280, 'BUENA VISTA'),
(2624, 278, 'CABO 1RO. LUGONES'),
(2625, 278, 'CAMPO ALEGRE'),
(2626, 279, 'CLORINDA'),
(2627, 278, 'COLONIA ALTO ALEGRE'),
(2628, 277, 'COLONIA BUENA VISTA'),
(2629, 281, 'COLONIA CAMPO VILLAFAÑE'),
(2630, 282, 'COLONIA PASTORIL'),
(2631, 278, 'COLONIA PERIN'),
(2632, 278, 'COMANDANTE FONTANA'),
(2633, 278, 'CORONEL ARGENTINO LARRABURE'),
(2634, 278, 'DE LAS CASAS, BARTOLOME'),
(2635, 278, 'DEL CAMPO, ESTANISLAO'),
(2636, 278, 'DOCTOR CARLOS MONTAG'),
(2637, 280, 'DOCTOR E.RAMOS MEJIAS ,EST.CHIRIGUANOS'),
(2638, 280, 'DOCTOR GUMERSINDO SAYAGO'),
(2639, 280, 'DOCTOR JOSE DE GASPRI'),
(2640, 283, 'DOCTOR LUIS AGOTE'),
(2641, 284, 'EL CHAÑARAL'),
(2642, 281, 'EL COATI'),
(2643, 281, 'EL COLORADO'),
(2644, 278, 'EL PERDIDO'),
(2645, 284, 'EL TOTORAL'),
(2646, 285, 'ESPINILLO'),
(2647, 281, 'ESTERO PATIÑO ,AP.'),
(2648, 282, 'FORMOSA'),
(2649, 280, 'FORTIN PILCOMAYO'),
(2650, 278, 'FORTIN SARGENTO 1º LEYES'),
(2651, 280, 'FORTIN SOLEDAD'),
(2652, 284, 'GENERAL ENRIQUE MOSCONI'),
(2653, 280, 'GENERAL FRANCISCO BASILIANO BOSCH'),
(2654, 282, 'GRAN GUARDIA'),
(2655, 280, 'GUADALCAZAR'),
(2656, 286, 'HERRADURA'),
(2657, 278, 'IBARRETA'),
(2658, 280, 'INGENIERO ENRIQUE H.FAURE'),
(2659, 283, 'INGENIERO GUILLERMO N.JUAREZ'),
(2660, 278, 'KILOMETRO 1769'),
(2661, 281, 'KILOMETRO 1895 ,AP.'),
(2662, 281, 'KILOMETRO 213'),
(2663, 283, 'LA ESPERANZA'),
(2664, 283, 'LA FLORENCIA'),
(2665, 279, 'LA FRONTERA'),
(2666, 278, 'LA ISLETA'),
(2667, 280, 'LA PRIMAVERA'),
(2668, 280, 'LA SIRENA'),
(2669, 279, 'LAGUNA BLANCA'),
(2670, 279, 'LAGUNA NAICK-NECK'),
(2671, 280, 'LAGUNA YEMA'),
(2672, 284, 'LAPRIDA, FRANCISCO NARCISO DE'),
(2673, 278, 'LAS LOMITAS'),
(2674, 281, 'LOA MATACOS'),
(2675, 282, 'LOS PILAGAS ,EMB.'),
(2676, 284, 'MEDIA LUNA'),
(2677, 277, 'MISION TACAAGLE'),
(2678, 283, 'MISION YACARE'),
(2679, 279, 'MONTE LINDO CHICO'),
(2680, 279, 'PALMA SOLA'),
(2681, 280, 'PALMA SOLA'),
(2682, 284, 'PALMARCITO'),
(2683, 281, 'PALO SANTO'),
(2684, 278, 'PASO, JUAN JOSE'),
(2685, 281, 'PIRANE'),
(2686, 278, 'PORTEÑO VIEJO'),
(2687, 278, 'POSTA CAMBIO A ZALAZAR'),
(2688, 278, 'POSTA KILOMETRO 45'),
(2689, 278, 'POZO DEL TIGRE'),
(2690, 282, 'PRESIDENTE YRIGOYEN'),
(2691, 280, 'PUERTO CABO IRIGOYEN'),
(2692, 282, 'PUERTO DALMACIA'),
(2693, 279, 'PUERTO PILCOMAYO'),
(2694, 286, 'PUERTO VELAZ'),
(2695, 280, 'SAN CAMILO'),
(2696, 286, 'SAN FRANCISCO DE LAISHI'),
(2697, 282, 'SAN HILARIO'),
(2698, 278, 'SAN MARTIN 1'),
(2699, 278, 'SAN MARTIN 2'),
(2700, 278, 'SAN RAMON'),
(2701, 278, 'SARGENTO AYUDANTE VICTOR SANABRIA'),
(2702, 284, 'SELVA MARIA'),
(2703, 279, 'SIETE PALMAS'),
(2704, 278, 'TENIENTE BROWN'),
(2705, 279, 'TENIENTE GENERAL JUAN CARLOS SANCHEZ'),
(2706, 283, 'TENIENTE GENERAL ROSENDO M FRAGA'),
(2707, 277, 'TRES LAGUNAS'),
(2708, 286, 'VILLA ESCOLAR'),
(2870, 303, 'ABRAMO'),
(2871, 304, 'ADOLFO VAN PRAET'),
(2872, 305, 'AGUSTONI'),
(2873, 306, 'ALFREDO PEÑA'),
(2874, 307, 'ALGARROBO DEL AGUILA'),
(2875, 308, 'ALPACHIRI'),
(2876, 304, 'ALTA ITALIA'),
(2877, 309, 'ANGUIL'),
(2878, 310, 'ANZOATEGUI'),
(2879, 308, 'APUYACO'),
(2880, 311, 'ARATA'),
(2881, 312, 'ATALIVA ROCA'),
(2882, 313, 'ATREUCO'),
(2883, 314, 'BAJO DE LAS PALOMAS'),
(2884, 315, 'BERNARDO LARROUDE'),
(2885, 303, 'BERNASCONI'),
(2886, 316, 'BOEUF'),
(2887, 317, 'BUTA RANQUIL'),
(2888, 314, 'CACHIRULO'),
(2889, 318, 'CALEUFU'),
(2890, 319, 'CANE, MIGUEL'),
(2891, 320, 'CARRO QUEMADO'),
(2892, 321, 'CASTEX, EDUARDO'),
(2893, 322, 'CATRILO'),
(2894, 323, 'CEBALLOS'),
(2895, 313, 'CEREALES'),
(2896, 324, 'CHACHARRAMENDI'),
(2897, 318, 'CHAMAICO'),
(2898, 307, 'CHICAL CO'),
(2899, 317, 'COLONIA 25 DE MAYO'),
(2900, 319, 'COLONIA BARON'),
(2901, 325, 'COLONIA EMILIO MITRE'),
(2902, 309, 'COLONIA INES Y CARLOTA'),
(2903, 325, 'COLONIA LA PASTORIL'),
(2904, 319, 'COLONIA SAN JOSE'),
(2905, 308, 'COLONIA SANTA TERESA'),
(2906, 321, 'CONHELO'),
(2907, 323, 'CORONEL HILARIO LAGOS'),
(2908, 303, 'COTITA'),
(2909, 326, 'CUCHILLO-CO'),
(2910, 313, 'DOBLAS'),
(2911, 327, 'DORILA'),
(2912, 320, 'EL DURAZNO'),
(2913, 304, 'EMBAJADOR MARTINI'),
(2914, 312, 'EPU-PEL'),
(2915, 304, 'FALUCHO'),
(2916, 324, 'GAMAY'),
(2917, 328, 'GAVIOTAS'),
(2918, 324, 'GENERAL ACHA'),
(2919, 308, 'GENERAL MANUEL CAMPOS'),
(2920, 327, 'GENERAL PICO'),
(2921, 303, 'GENERAL SAN MARTIN'),
(2922, 317, 'GOBERNADOR AYALA'),
(2923, 329, 'GOBERNADOR DUVAL'),
(2924, 308, 'GUATRACHE'),
(2925, 313, 'HIDALGO'),
(2926, 303, 'HUCAL'),
(2927, 319, 'HUELEN'),
(2928, 318, 'INGENIERO FOSTER'),
(2929, 304, 'INGENIERO LUIGGI'),
(2930, 323, 'INTENDENTE ALVEAR'),
(2931, 322, 'IVANOWSKY'),
(2932, 328, 'KILOMETRO 755 ,DV.'),
(2933, 328, 'LA ADELA'),
(2934, 326, 'LA ASTURIANA'),
(2935, 317, 'LA COPELINA'),
(2936, 330, 'LA ESTRELLA'),
(2937, 322, 'LA GLORIA'),
(2938, 318, 'LA MARUJA'),
(2939, 330, 'LA PRIMAVERA'),
(2940, 330, 'LA REFORMA'),
(2941, 323, 'LARROUDE, BERNARDO'),
(2942, 304, 'LAVALLE, RICARDO'),
(2943, 326, 'LIHUEL CALEL'),
(2944, 330, 'LIMAY MAHUIDA'),
(2945, 322, 'LONQUIMAY'),
(2946, 320, 'LOVENTUE'),
(2947, 320, 'LUAN TORO'),
(2948, 313, 'MACACHIN'),
(2949, 304, 'MAISONAVE, DAMIAN ,EST.SIMSON'),
(2950, 321, 'MAYER, MAURICIO'),
(2951, 311, 'METILEO'),
(2952, 321, 'MONTE NIEVAS'),
(2953, 314, 'NAICO'),
(2954, 304, 'OJEDA'),
(2955, 324, 'OLONIA SANTA MARIA'),
(2956, 318, 'PARERA'),
(2957, 325, 'PASO DE LOS ALGARROBOS'),
(2958, 319, 'PEÑA, ALFREDO'),
(2959, 308, 'PERU'),
(2960, 318, 'PICHI HUINCA'),
(2961, 329, 'PUELCHES'),
(2962, 317, 'PUELEN'),
(2963, 324, 'QUEHUE'),
(2964, 319, 'QUEMU QUEMU'),
(2965, 318, 'QUETREQUEN'),
(2966, 318, 'RANCUL'),
(2967, 304, 'REALICO'),
(2968, 319, 'RELMO'),
(2969, 308, 'REMECO'),
(2970, 313, 'RIGLOS, MIGUEL'),
(2971, 324, 'ROCA, ATALIVA'),
(2972, 313, 'ROLON'),
(2973, 321, 'RUCANELO'),
(2974, 325, 'SANTA ISABEL'),
(2975, 309, 'SANTA ROSA'),
(2976, 323, 'SARAH'),
(2977, 327, 'SPELUZZI'),
(2978, 320, 'TELEN'),
(2979, 321, 'TENIENTE GENERAL EMILIO MITRE'),
(2980, 314, 'TOAY'),
(2981, 327, 'TREBOLARES'),
(2982, 311, 'TRENEL'),
(2983, 327, 'TRILI'),
(2984, 324, 'UNANJE'),
(2985, 322, 'URIBURU'),
(2986, 324, 'UTRACAN'),
(2987, 304, 'VAN PRAET, ADOLFO'),
(2988, 323, 'VERTIZ'),
(2989, 320, 'VICTORICA'),
(2990, 319, 'VILLA MIRASOL'),
(2991, 321, 'WINIFREDA'),
(2992, 331, 'AGUA BLANCA'),
(2993, 332, 'AGUAYO'),
(2994, 333, 'AICUÑA'),
(2995, 334, 'AIMOGASTA'),
(2996, 335, 'ALCAZAR'),
(2997, 336, 'ALPASINCHE'),
(2998, 337, 'AMANA'),
(2999, 338, 'AMBIL'),
(3000, 331, 'AMINGA'),
(3001, 336, 'ANDALUCAS'),
(3002, 339, 'ANGUINAN'),
(3003, 340, 'ANGULOS'),
(3004, 331, 'ANILLACO'),
(3005, 331, 'ANIMAN'),
(3006, 331, 'ANJULLON'),
(3007, 340, 'ANTINACO'),
(3008, 334, 'ARAUCO'),
(3009, 341, 'ATILES'),
(3010, 342, 'BAJO DEL GALLO'),
(3011, 343, 'BAJO GRANDE'),
(3012, 344, 'BAJO HONDO'),
(3013, 333, 'BANDA FLORIDA'),
(3014, 345, 'BAZAN'),
(3015, 346, 'BELLA VISTA'),
(3016, 345, 'CABOLLAR'),
(3017, 340, 'CAMPANAS'),
(3018, 347, 'CARRIZAL'),
(3019, 345, 'CARRIZAL'),
(3020, 340, 'CARRIZAL'),
(3021, 343, 'CASTRO BARROS'),
(3022, 339, 'CATINZACO'),
(3023, 348, 'CHAMICAL ,EST.GOBERNADOR GORDILLO'),
(3024, 343, 'CHAÑAR'),
(3025, 340, 'CHAÑARMUYO'),
(3026, 332, 'CHELCOS'),
(3027, 349, 'CHEPES'),
(3028, 349, 'CHEPES VIEJO'),
(3029, 339, 'CHILECITO'),
(3030, 331, 'CHUQUIS'),
(3031, 345, 'COCHANGASTA'),
(3032, 338, 'COMANDANTE LEAL'),
(3033, 332, 'CORRAL DE ISAAC'),
(3034, 343, 'CORTADERAS'),
(3035, 332, 'CUATRO ESQUINAS'),
(3036, 347, 'EL ALTO'),
(3037, 345, 'EL BARREAL'),
(3038, 350, 'EL CALDEN'),
(3039, 337, 'EL CHIFLON'),
(3040, 351, 'EL CONDADO'),
(3041, 348, 'EL MOLLAR'),
(3042, 352, 'EL PORTEZUELO'),
(3043, 340, 'EL POTRERILLO'),
(3044, 345, 'EL QUEBRACHO'),
(3045, 349, 'EL RODEO'),
(3046, 345, 'EL SUNCHAL'),
(3047, 349, 'EL TALA'),
(3048, 337, 'EL VILGO'),
(3049, 340, 'FAMATINA'),
(3050, 333, 'GUANDACOL'),
(3051, 349, 'ILISCA'),
(3052, 344, 'JAGUE'),
(3053, 345, 'KILOMETRO 875 ,DV.'),
(3054, 345, 'KILOMETRO 891 ,AP.'),
(3055, 347, 'LA AGUADITA'),
(3056, 345, 'LA AGUADITA DE LOS BRIZUELA'),
(3057, 344, 'LA BANDA'),
(3058, 345, 'LA CALERA'),
(3059, 344, 'LA CIENAGA'),
(3060, 343, 'LA CIENAGA'),
(3061, 347, 'LA FALDA DE CITAN'),
(3062, 332, 'LA ISLA ,EST.'),
(3063, 349, 'LA JARILLA'),
(3064, 347, 'LA MERCED'),
(3065, 345, 'LA PERSEGUIDA'),
(3066, 339, 'LA PUERTA'),
(3067, 332, 'LA REPRESA'),
(3068, 345, 'LA RIOJA'),
(3069, 345, 'LAS CLOACAS'),
(3070, 337, 'LAS COLORADAS'),
(3071, 345, 'LAS PADERCITAS'),
(3072, 349, 'LAS TOSCAS'),
(3073, 343, 'LOMA BLANCA'),
(3074, 352, 'LOMA LARGA'),
(3075, 353, 'LOS AGUIRRES'),
(3076, 338, 'LOS ALANICES'),
(3077, 348, 'LOS BALDES'),
(3078, 337, 'LOS MOGOTES'),
(3079, 331, 'LOS MOLINOS'),
(3080, 333, 'LOS PALACIOS'),
(3081, 339, 'LOS SARMIENTOS'),
(3082, 333, 'LOS TAMBILLOS'),
(3083, 334, 'MACHIGASTA'),
(3084, 351, 'MAJADITA'),
(3085, 352, 'MALANZAN'),
(3086, 339, 'MALLIGASTA'),
(3087, 349, 'MASCASIN'),
(3088, 334, 'MAZAN ,EST.'),
(3089, 338, 'MILAGRO'),
(3090, 339, 'MINA LA MEJICANA'),
(3091, 339, 'MIRANDA'),
(3092, 352, 'MOLLACO'),
(3093, 352, 'NACATE'),
(3094, 339, 'NONOGASTA'),
(3095, 349, 'ÑOQUEBE'),
(3096, 345, 'OBRAJE DE TOSCANO'),
(3097, 338, 'OLPAS'),
(3098, 343, 'OLTA'),
(3099, 333, 'PAGANCILLO'),
(3100, 337, 'PAGANZO'),
(3101, 337, 'PATQUIA'),
(3102, 331, 'PINCHAS'),
(3103, 340, 'PITUIL'),
(3104, 332, 'PORTEZUELO DE ARCE'),
(3105, 345, 'POZO DE AVILA'),
(3106, 332, 'POZO DE PIEDRA'),
(3107, 345, 'PUERTO ALEGRE'),
(3108, 333, 'PUERTO ALEGRE'),
(3109, 347, 'PUNTA DE LOS LLANOS'),
(3110, 349, 'REAL DEL CADILLO ,DV.'),
(3111, 352, 'RETAMAL'),
(3112, 351, 'RIVADAVIA'),
(3113, 345, 'SALADILLO'),
(3114, 349, 'SAN ANTONIO'),
(3115, 345, 'SAN ANTONIO'),
(3116, 336, 'SAN BLAS'),
(3117, 349, 'SAN ISIDRO'),
(3118, 345, 'SAN JUAN'),
(3119, 331, 'SAN PEDRO'),
(3120, 352, 'SAN RAMON'),
(3121, 352, 'SAN ROQUE'),
(3122, 332, 'SAN SOLANO'),
(3123, 339, 'SANOGASTA'),
(3124, 333, 'SANTA CLARA'),
(3125, 340, 'SANTA CRUZ'),
(3126, 349, 'SANTA CRUZ ,DV.'),
(3127, 345, 'SANTO DOMINGO'),
(3128, 336, 'SCHAQUI'),
(3129, 345, 'SIERRA BRAVA'),
(3130, 352, 'SOLCA'),
(3131, 345, 'TALAMUYUNA'),
(3132, 343, 'TALVA'),
(3133, 347, 'TAMA'),
(3134, 347, 'TASQUIN'),
(3135, 332, 'TELLO, DESIDERIO'),
(3136, 334, 'TERMAS SANTA TERESITA'),
(3137, 349, 'TOTORAL'),
(3138, 347, 'TUIZON'),
(3139, 332, 'ULAPES'),
(3140, 339, 'VICHIGASTA'),
(3141, 349, 'VILLA CASANA'),
(3142, 351, 'VILLA CASTELLI'),
(3143, 334, 'VILLA MAZAN'),
(3144, 354, 'VILLA SANAGASTA'),
(3145, 338, 'VILLA SANTA RITA'),
(3146, 333, 'VILLA UNION'),
(3147, 344, 'VINCHINA'),
(3148, 355, '25 DE MAYO'),
(3149, 356, 'AGRELO'),
(3150, 357, 'AGUA ESCONDIDA'),
(3151, 355, 'AGUA NUEVA ,EMB.CAÑADA AMARILLA'),
(3152, 358, 'ALDEA LA PRIMAVERA'),
(3153, 359, 'ALGARROBITO'),
(3154, 360, 'ALTO VERDE'),
(3155, 359, 'ALTOS DEL OLVIDO'),
(3156, 361, 'ANCHORIS'),
(3157, 361, 'ANCON'),
(3158, 362, 'ANDRADE'),
(3159, 355, 'ARISTIDES VILLANUEVA'),
(3160, 359, 'ARROYITO'),
(3161, 363, 'BAJO LUNLUNTA'),
(3162, 356, 'BAÑOS LUNLUNTA'),
(3163, 363, 'BARCALA'),
(3164, 357, 'BARDAS BLANCAS'),
(3165, 363, 'BARRANCAS'),
(3166, 364, 'BARRAQUERO'),
(3167, 358, 'BERMEJO'),
(3168, 365, 'BOWEN'),
(3169, 358, 'BUENA NUEVA'),
(3170, 356, 'CACHEUTA'),
(3171, 366, 'CADETES DE CHILE'),
(3172, 357, 'CALMUCO'),
(3173, 367, 'CAMPO LOS ANDES'),
(3174, 365, 'CAMPOS, GASPAR'),
(3175, 355, 'CAÑADA SECA'),
(3176, 365, 'CANALEJAS'),
(3177, 368, 'CAPACHO'),
(3178, 369, 'CAPDEVILLE'),
(3179, 358, 'CAPILLA DEL ROSARIO'),
(3180, 359, 'CAPILLA DEL ROSARIO'),
(3181, 365, 'CARMENSA'),
(3182, 370, 'CHACRAS DE CORIA ,EST.PASO DE LOS ANDES'),
(3183, 371, 'CHAPANAY'),
(3184, 368, 'CHILECITO'),
(3185, 357, 'COEHUE-CO'),
(3186, 359, 'COLONIA 3 DE MAYO'),
(3187, 365, 'COLONIA ALVEAR'),
(3188, 367, 'COLONIA LAS ROSAS'),
(3189, 372, 'COLONIA SUR'),
(3190, 372, 'COMANDANTE SALAS'),
(3191, 363, 'COQUIMBITO'),
(3192, 365, 'CORRAL DE LORCA'),
(3193, 358, 'CORRALITOS'),
(3194, 359, 'COSTA DE ARAUJO'),
(3195, 363, 'CRUZ DE PIEDRA'),
(3196, 355, 'CUADRO NACIONAL'),
(3197, 366, 'DESAGUADERO'),
(3198, 372, 'EL ALGARROBO'),
(3199, 359, 'EL ALPERO ,EMB.'),
(3200, 369, 'EL BORBOLLON'),
(3201, 370, 'EL CARRIZAL ABAJO'),
(3202, 370, 'EL CARRIZAL DE ARRIBA'),
(3203, 371, 'EL CENTRAL'),
(3204, 369, 'EL CHALLAO'),
(3205, 359, 'EL FORZADO'),
(3206, 357, 'EL MANZANO'),
(3207, 362, 'EL MIRADOR'),
(3208, 355, 'EL NIHUIL'),
(3209, 355, 'EL NIHUIL ,EST.'),
(3210, 363, 'EL PARAISO'),
(3211, 369, 'EL PASTAL'),
(3212, 369, 'EL PLUMERILLO'),
(3213, 369, 'EL RESGUARDO'),
(3214, 359, 'EL RETAMO'),
(3215, 358, 'EL SAUCE'),
(3216, 355, 'EL SOSNEADO'),
(3217, 359, 'EL VERGEL'),
(3218, 369, 'ESPEJO'),
(3219, 358, 'ESQUINA PESCADERO'),
(3220, 367, 'ESTANCIA LA PAMPA'),
(3221, 363, 'FRAY LUIS BELTRAN'),
(3222, 365, 'GENERAL ALVEAR ,EST.COLONIA ALVEAR NORTE'),
(3223, 358, 'GENERAL AMIGORENA ,EMB.'),
(3224, 363, 'GENERAL GUTIERREZ'),
(3225, 359, 'GENERAL LAVALLE'),
(3226, 363, 'GENERAL ORTEGA'),
(3227, 369, 'GERMANIA'),
(3228, 364, 'GOBERNADOR BENEGAS'),
(3229, 372, 'GOBERNADOR CIVIT'),
(3230, 364, 'GODOY CRUZ'),
(3231, 365, 'GOICO'),
(3232, 355, 'GOUDGE'),
(3233, 355, 'GUADALES'),
(3234, 369, 'GUIDO'),
(3235, 369, 'HORNITO DEL GRINGO'),
(3236, 371, 'INGENIERO GIAGNONI'),
(3237, 359, 'INGENIERO GUSTAVO ANDRE'),
(3238, 355, 'ISELIN, RODOLFO'),
(3239, 369, 'JOCOLI'),
(3240, 359, 'JOCOLI VIEJO'),
(3241, 360, 'JUNIN'),
(3242, 358, 'JUSUS NAZARENO'),
(3243, 359, 'KILOMETRO 976 ,EST.'),
(3244, 361, 'LA ARBOLEDA'),
(3245, 370, 'LA CARRODILLA'),
(3246, 366, 'LA CAUTIVA'),
(3247, 369, 'LA CIENAGUITA'),
(3248, 368, 'LA CONSULTA'),
(3249, 372, 'LA COSTA'),
(3250, 372, 'LA DORMIDA'),
(3251, 365, 'LA ESCANDINAVA'),
(3252, 359, 'LA HOLANDA'),
(3253, 369, 'LA HULLERA'),
(3254, 365, 'LA MARZOLINA'),
(3255, 365, 'LA MORA'),
(3256, 366, 'LA PAZ'),
(3257, 359, 'LA PEGA'),
(3258, 369, 'LA UNION'),
(3259, 357, 'LA VALENCIANA'),
(3260, 358, 'LAGUNITA'),
(3261, 372, 'LAS CATITAS ,EST.JOSE NESTOR LENCINAS'),
(3262, 357, 'LAS CHACRAS'),
(3263, 369, 'LAS CUEVAS'),
(3264, 369, 'LAS HERAS ,EST.CABINA TAMARINDOS'),
(3265, 355, 'LAS MALVINAS'),
(3266, 355, 'LAS PAREDES ,EST.CAPITAN MONTOYA'),
(3267, 368, 'LOA ALAMITOS'),
(3268, 372, 'LOMAS BLANCAS'),
(3269, 367, 'LOS ARBOLES'),
(3270, 362, 'LOS ARBOLES'),
(3271, 365, 'LOS HUARPES ,AP.'),
(3272, 357, 'LOS MOLLES'),
(3273, 367, 'LOS SAUCES'),
(3274, 355, 'LOS TERNEROS ,DV.'),
(3275, 370, 'LUJAN DE CUYO'),
(3276, 363, 'LUNLUNTA'),
(3277, 363, 'LUZURIAGA'),
(3278, 363, 'MAIPU'),
(3279, 357, 'MALARGUE'),
(3280, 366, 'MAQUINISTA LEVET'),
(3281, 370, 'MAYOR DRUMMOND'),
(3282, 365, 'MEDIA LUNA'),
(3283, 360, 'MEDRANO'),
(3284, 373, 'MENDOZA'),
(3285, 357, 'MINACAR'),
(3286, 369, 'MINAS SALAGASTA'),
(3287, 355, 'MONTE COMAN'),
(3288, 369, 'MOYANO, FEDERICO J.'),
(3289, 372, 'ÑACUNAN'),
(3290, 355, 'NEGRO QUEMADO'),
(3291, 360, 'NEWBERY, JORGE'),
(3292, 357, 'ÑIRE-CO'),
(3293, 371, 'NUEVA CALIFORNIA ,EST.MOLUCHES'),
(3294, 365, 'OVEJERIA'),
(3295, 371, 'PALMIRA'),
(3296, 365, 'PAMPA DEL TIGRE'),
(3297, 366, 'PAMPITA'),
(3298, 369, 'PANQUEUA'),
(3299, 359, 'PARAMILLO ,AP.'),
(3300, 368, 'PAREDITAS'),
(3301, 363, 'PEDREGAL'),
(3302, 370, 'PERDRIEL'),
(3303, 360, 'PHILIPPS'),
(3304, 372, 'PICHI CIEGO'),
(3305, 366, 'PIRQUITA'),
(3306, 369, 'POLVAREDAS'),
(3307, 370, 'POTRERILLOS'),
(3308, 355, 'PRATS, JAIME'),
(3309, 358, 'PUEBLO NUEVO (KM.ONCE)'),
(3310, 369, 'PUENTE DEL INCA'),
(3311, 369, 'PUNTA DE VACA'),
(3312, 355, 'PUNTA DEL AGUA'),
(3313, 370, 'PUNTILLA'),
(3314, 355, 'RAMA CAIDA'),
(3315, 357, 'RANQUIL DEL NORTE'),
(3316, 355, 'REAL DEL PADRE'),
(3317, 355, 'RESOLANA'),
(3318, 355, 'RINCON DEL ATUEL ,EST.ING.BALLOFFET'),
(3319, 362, 'RIVADAVIA'),
(3320, 358, 'RODEO DE LA CRUZ'),
(3321, 363, 'RODEO DEL MEDIO'),
(3322, 360, 'RODRIGUEZ PEÑA'),
(3323, 363, 'RUSSELL'),
(3324, 355, 'SALINAS DEL DIAMANTE ,EST.'),
(3325, 355, 'SALTO DE LAS ROSAS'),
(3326, 368, 'SAN CARLOS'),
(3327, 361, 'SAN JOSE'),
(3328, 359, 'SAN JOSE'),
(3329, 371, 'SAN MARTIN ,EST.LIB.GRL.SAN MARTIN'),
(3330, 359, 'SAN MIGUEL'),
(3331, 355, 'SAN RAFAEL'),
(3332, 363, 'SAN ROQUE'),
(3333, 362, 'SANTA MARIA DE ORO'),
(3334, 372, 'SANTA ROSA'),
(3335, 355, 'SOITUE'),
(3336, 369, 'TERMAS VILLAVICENCIO'),
(3337, 368, 'TRES ESQUINAS'),
(3338, 371, 'TRES PORTEÑAS'),
(3339, 369, 'TROPERO SOSA ,EMP.'),
(3340, 367, 'TUNUYAN'),
(3341, 361, 'TUPUNGATO'),
(3342, 370, 'UGARTECHE'),
(3343, 369, 'USPALLATA'),
(3344, 370, 'USPALLATA ,EST.'),
(3345, 355, 'VARGAS, PEDRO'),
(3346, 355, 'VILLA ATUEL'),
(3347, 361, 'VILLA BASTIA'),
(3348, 363, 'VILLA EDELMIRA'),
(3349, 364, 'VILLA HIPODROMO'),
(3350, 366, 'VILLA LA PAZ'),
(3351, 358, 'VILLA NUEVA'),
(3352, 367, 'VILLA SECA'),
(3353, 355, 'VILLANUEVA, ARISTIDES'),
(3354, 367, 'VISTA FLORES'),
(3355, 370, 'VISTALBA'),
(3356, 361, 'ZAPATA'),
(3357, 374, '25 DE MAYO'),
(3358, 375, '25 DE MAYO'),
(3359, 376, '9 DE JULIO'),
(3360, 374, 'ALBA POSE'),
(3361, 377, 'ALMAFUERTE'),
(3362, 378, 'APOSTOLES'),
(3363, 379, 'ARISTOBULO DEL VALLE'),
(3364, 380, 'ARROYO DEL MEDIO'),
(3365, 378, 'AZARA'),
(3366, 374, 'BARRA BONITA'),
(3367, 381, 'BARRA CONCEPCION'),
(3368, 382, 'BARRANCON SAN PEDRO'),
(3369, 383, 'BELLA VISTA'),
(3370, 384, 'BERNARDO DE IRIGOYEN'),
(3371, 383, 'BONPLAND'),
(3372, 380, 'CAA YARI'),
(3373, 385, 'CAMPANA'),
(3374, 384, 'CAMPIÑAS DE AMERICA'),
(3375, 379, 'CAMPO GRANDE'),
(3376, 385, 'CAMPO RAMON'),
(3377, 385, 'CAMPO VIERA'),
(3378, 383, 'CANDELARIA'),
(3379, 386, 'CAPIOVI'),
(3380, 386, 'CAPIOVICINO'),
(3381, 375, 'CATARATAS DEL IGUAZU'),
(3382, 377, 'CERRO AZUL'),
(3383, 383, 'CERRO CORA'),
(3384, 378, 'COLONIA APOSTOLES'),
(3385, 379, 'COLONIA ARISTOBULO DEL VALLE'),
(3386, 374, 'COLONIA AURORA'),
(3387, 386, 'COLONIA MBOPICUA'),
(3388, 387, 'COLONIA NARANJITO'),
(3389, 388, 'COLONIA SANTA TERESA'),
(3390, 385, 'COLONIA YABEBIRY'),
(3391, 381, 'CONCEPCION DE LA SIERRA'),
(3392, 387, 'CORPUS'),
(3393, 386, 'CUÑAPIRU'),
(3394, 379, 'DEL VALLE, ARISTOBULO'),
(3395, 389, 'DESEADO'),
(3396, 380, 'DOS ARROYOS'),
(3397, 379, 'DOS DE MAYO'),
(3398, 390, 'EL ALCAZAR'),
(3399, 378, 'EL PARAISO'),
(3400, 391, 'EL SOBERBIO'),
(3401, 379, 'EL TIGRE'),
(3402, 392, 'ELDORADO'),
(3403, 393, 'FACHINAL'),
(3404, 394, 'FRACRAN'),
(3405, 393, 'GARUPA'),
(3406, 385, 'GENERAL ALVEAR'),
(3407, 380, 'GENERAL GUEMES'),
(3408, 375, 'GOBERNADOR JUAN J.LANUSSE'),
(3409, 380, 'GOBERNADOR LOPEZ'),
(3410, 387, 'GOBERNADOR ROCA'),
(3411, 385, 'GUARANI'),
(3412, 395, 'INVERNADA DE ITACARUARE'),
(3413, 389, 'IRIGOYEN, BERNARDO DE'),
(3414, 395, 'ITACARUARE'),
(3415, 387, 'JARDIN AMERICA'),
(3416, 388, 'KILOMETRO 18'),
(3417, 378, 'KILOMETRO 538 ,AP.'),
(3418, 378, 'KILOMETRO 546 ,AP.'),
(3419, 393, 'KILOMETRO 577'),
(3420, 382, 'LA GRUTA'),
(3421, 388, 'LAHARRAGE'),
(3422, 393, 'LANUS, MIGUEL'),
(3423, 378, 'LAS TUNAS'),
(3424, 393, 'LEIS ,PDA.'),
(3425, 383, 'LORETO'),
(3426, 385, 'LOS HELECHOS'),
(3427, 381, 'MACHADINO'),
(3428, 383, 'MARTIRES'),
(3429, 395, 'MOJON GRANDE'),
(3430, 394, 'MONTEAGUDO'),
(3431, 388, 'MONTECARLO'),
(3432, 387, 'ÑACANGUAZU'),
(3433, 385, 'OBERA'),
(3434, 385, 'PANAMBI'),
(3435, 382, 'PIÑALITO'),
(3436, 378, 'PINDAPOY ,EST.'),
(3437, 393, 'POSADAS'),
(3438, 383, 'PROFUNDIDAD'),
(3439, 388, 'PUEBLO TARUMA'),
(3440, 386, 'PUERTO 3 DE MAYO'),
(3441, 388, 'PUERTO AVELLANEDA'),
(3442, 375, 'PUERTO BOSSETTI'),
(3443, 388, 'PUERTO CARAGUATAY'),
(3444, 381, 'PUERTO CONCEPCION'),
(3445, 392, 'PUERTO DELICIA'),
(3446, 392, 'PUERTO ELDORADO'),
(3447, 375, 'PUERTO ELVECIA'),
(3448, 375, 'PUERTO ERRECABORDE'),
(3449, 387, 'PUERTO ESPAÑA'),
(3450, 375, 'PUERTO ESPERANZA'),
(3451, 386, 'PUERTO GARUHAPE'),
(3452, 387, 'PUERTO GISELA'),
(3453, 375, 'PUERTO IGUAZU'),
(3454, 386, 'PUERTO INGENIERO MORANDI'),
(3455, 386, 'PUERTO LEONI'),
(3456, 375, 'PUERTO LIBERTAD'),
(3457, 374, 'PUERTO LONDERO'),
(3458, 376, 'PUERTO MADO'),
(3459, 387, 'PUERTO MENOCCHIO'),
(3460, 387, 'PUERTO NARANJITO'),
(3461, 386, 'PUERTO OASIS'),
(3462, 386, 'PUERTO ORO VERDE'),
(3463, 394, 'PUERTO PARAISO'),
(3464, 386, 'PUERTO PARANAY'),
(3465, 375, 'PUERTO PAULITO'),
(3466, 375, 'PUERTO PENINSULA'),
(3467, 392, 'PUERTO PINARES'),
(3468, 388, 'PUERTO PIRAY'),
(3469, 396, 'PUERTO RICO'),
(3470, 395, 'PUERTO ROSARIO'),
(3471, 374, 'PUERTO SAN ANTONIO'),
(3472, 381, 'PUERTO SAN ISIDRO'),
(3473, 381, 'PUERTO SAN LUCAS'),
(3474, 374, 'PUERTO SAN MARTIN'),
(3475, 375, 'PUERTO SEGUNDO'),
(3476, 392, 'PUERTO VICTORIA'),
(3477, 375, 'PUERTO YRIGOYEN'),
(3478, 386, 'PURTO MINERAL'),
(3479, 386, 'RUIZ DE MONTOYA'),
(3480, 385, 'SALTO'),
(3481, 389, 'SAN ANTONIO'),
(3482, 374, 'SAN FRANCISCO DE ASIS'),
(3483, 387, 'SAN IGNACIO'),
(3484, 395, 'SAN JAVIER'),
(3485, 378, 'SAN JOSE'),
(3486, 382, 'SAN PEDRO'),
(3487, 394, 'SAN VICENTE'),
(3488, 383, 'SANTA ANA'),
(3489, 381, 'SANTA MARIA'),
(3490, 374, 'SANTA RITA'),
(3491, 374, 'SANTA RITA'),
(3492, 387, 'SANTO PIPO'),
(3493, 383, 'TACUARUZU'),
(3494, 382, 'TOBUNA'),
(3495, 378, 'TRES CAPONES'),
(3496, 393, 'VILLA LONCA'),
(3497, 375, 'WANDA'),
(3498, 387, 'YRIGOYEN, HIPOLITO'),
(5139, 558, 'ALMIRANTE BROWN'),
(5140, 559, 'BAHIA FOX'),
(5141, 558, 'BAHIA THETIS'),
(5142, 558, 'BARRIO ALMIRANTE BROWN'),
(5143, 560, 'BASE A.C.E. ALFEREZ DE NAVIO SOBRAL'),
(5144, 560, 'BASE AEREA TTE. BENJAMIN MATIENZO'),
(5145, 560, 'BASE DE EJERCITO ESPERANZA'),
(5146, 560, 'BASE DE EJERCITO GRL.BELGRANO'),
(5147, 560, 'BASE DE EJERCITO GRL.SAN MARTIN'),
(5148, 561, 'CARMEN'),
(5149, 561, 'CULLEN'),
(5150, 562, 'DESTACAMENTO NAVAL CORBETA URUGUAY'),
(5151, 563, 'DESTACAMENTO NAVAL DECEPCION'),
(5152, 563, 'DESTACAMENTO NAVAL ESPERANZA'),
(5153, 563, 'DESTACAMENTO NAVAL MELCHIOR'),
(5154, 563, 'DESTACAMENTO NAVAL ORCADAS'),
(5155, 563, 'DESTACAMENTO NAVAL TENIENTE CAMARA'),
(5156, 563, 'ESTACION AERONAVAL PETRIEL'),
(5157, 563, 'ESTACION CIENTIFICA ALMIRANTE BROWN'),
(5158, 563, 'ESTACION CIENTIFICA ELLSWORTH'),
(5159, 563, 'ESTACION DE APOYO Nº 1 FUERZA AEREA ARG.'),
(5160, 562, 'GRYTVIKEN'),
(5161, 561, 'KAIKEN'),
(5162, 561, 'LA MARINA'),
(5163, 558, 'LAPATAIA'),
(5164, 561, 'MARIA LUISA'),
(5165, 561, 'MISION SALESIANA'),
(5166, 562, 'PUERTO ARGENTINO'),
(5167, 558, 'PUERTO HARBERTON'),
(5168, 562, 'PUERTO LEITH'),
(5169, 562, 'PUERTO LUIS'),
(5170, 558, 'PUERTO RANCHO'),
(5171, 558, 'PUERTO REMOLINO'),
(5172, 562, 'PUERTO SAN CARLOS'),
(5173, 558, 'RANCHO HAMBRE'),
(5174, 561, 'RIO GRANDE'),
(5175, 561, 'SAN JULIO'),
(5176, 561, 'SAN JUSTO'),
(5177, 561, 'SAN PABLO'),
(5178, 561, 'SAN SEBASTIAN'),
(5179, 561, 'SARA'),
(5180, 561, 'SARMIENTO'),
(5181, 558, 'USHUAIA'),
(5182, 561, 'VIAMONTE'),
(5183, 561, 'VIEJA CARMEN'),
(5184, 564, '7 DE ABRIL'),
(5185, 565, 'ACEQUIONES'),
(5186, 566, 'ACHERAL'),
(5187, 567, 'AGUA DULCE'),
(5188, 568, 'AGUA DULCE ,EMP.'),
(5189, 569, 'AGUILARES'),
(5190, 568, 'ALDERETES'),
(5191, 570, 'ALPACHIRI'),
(5192, 564, 'ALTA GRACIA'),
(5193, 564, 'ALTO DE MEDINA'),
(5194, 570, 'ALTO VERDE'),
(5195, 571, 'AMAICHA DEL VALLE'),
(5196, 566, 'AMBERES'),
(5197, 570, 'AMPATA'),
(5198, 571, 'ANCAJULI'),
(5199, 571, 'ANFAMA'),
(5200, 567, 'ARAOZ'),
(5201, 572, 'ARBOLES GRANDES'),
(5202, 570, 'ARCADIA'),
(5203, 570, 'ARROYO'),
(5204, 570, 'ATAHONA'),
(5205, 572, 'BAJASTINE'),
(5206, 566, 'BALDERRAMA'),
(5207, 568, 'BANDA DEL RIO SALI'),
(5208, 570, 'BELICHA HUAICO'),
(5209, 573, 'BELLA VISTA'),
(5210, 564, 'BENJAMIN ARAOZ'),
(5211, 565, 'BENJAMIN PAZ'),
(5212, 564, 'BURRUYACU'),
(5213, 568, 'BUSTAMANTE ,AP.'),
(5214, 567, 'CACHI HUASI ,AP.'),
(5215, 567, 'CACHI YACO ,AP.'),
(5216, 572, 'CAMPO BELLO'),
(5217, 568, 'CAÑETE'),
(5218, 568, 'CEVIL POZO'),
(5219, 571, 'CEVIL REDONDO'),
(5220, 564, 'CHABELA'),
(5221, 574, 'CHAÑARITO'),
(5222, 570, 'CHICLIGASTA'),
(5223, 564, 'CHILCAS'),
(5224, 565, 'CHOROMORO'),
(5225, 564, 'CHORRILLOS'),
(5226, 573, 'CHUANTA'),
(5227, 570, 'CIUDACITA'),
(5228, 571, 'CIUDAD HOSPITAL'),
(5229, 571, 'CIUDAD UNIVERSITARIA'),
(5230, 570, 'COCHUNA'),
(5231, 571, 'COLALAO DEL VALLE'),
(5232, 568, 'COLOMBRES'),
(5233, 569, 'COLONIA NUEVA TRINIDAD'),
(5234, 568, 'COLONIA SAN JORGE'),
(5235, 568, 'COLONIA SAN JOSE'),
(5236, 570, 'CONCEPCION'),
(5237, 568, 'CRUZ DEL NORTE'),
(5238, 574, 'DIQUE EL CADILLAL'),
(5239, 564, 'EL ASERRADERO'),
(5240, 571, 'EL BAÑADO'),
(5241, 564, 'EL BARCO'),
(5242, 568, 'EL BRACHO'),
(5243, 571, 'EL CADILLAL'),
(5244, 564, 'EL CHAÑAR'),
(5245, 574, 'EL COLMENAL'),
(5246, 574, 'EL DURAZNITO'),
(5247, 567, 'EL GUARDAMONTE'),
(5248, 566, 'EL JARDIN'),
(5249, 570, 'EL MOLINO'),
(5250, 571, 'EL MOLLAR'),
(5251, 564, 'EL NARANJO'),
(5252, 564, 'EL OJO'),
(5253, 572, 'EL PORVENIR'),
(5254, 564, 'EL SUNCHAL'),
(5255, 572, 'EL ZAPALLAR'),
(5256, 567, 'ENCRUCIJADA'),
(5257, 569, 'ESCABA ABAJO'),
(5258, 569, 'ESCABA ARRIBA'),
(5259, 567, 'ESQUINA'),
(5260, 573, 'FAMAILLA'),
(5261, 568, 'FINCA ELISA'),
(5262, 568, 'GALLO, DELFIN'),
(5263, 573, 'GARCIA FERNANDEZ, MANUEL'),
(5264, 570, 'GASTONA'),
(5265, 564, 'GOBERNADOR GARMENDIA'),
(5266, 574, 'GOBERNADOR NOUGUES'),
(5267, 564, 'GOBERNADOR PIEDRABUENA'),
(5268, 572, 'GRANEROS'),
(5269, 568, 'GUZMAN'),
(5270, 572, 'HUASA PAMPA NORTE ,EST.HUASA PAMPA'),
(5271, 572, 'HUASA PAMPA SUR'),
(5272, 572, 'ICHIPUCA'),
(5273, 574, 'INGENIO AMALIA'),
(5274, 568, 'INGENIO CONCEPCION'),
(5275, 568, 'INGENIO CRUZ ALTA'),
(5276, 570, 'INGENIO LA CORONA'),
(5277, 568, 'INGENIO LA ESPERANZA'),
(5278, 568, 'INGENIO LA FLORIDA'),
(5279, 573, 'INGENIO LA FRONTERITA'),
(5280, 568, 'INGENIO LASTENIA'),
(5281, 573, 'INGENIO LULES'),
(5282, 573, 'INGENIO LULES ,EST.'),
(5283, 571, 'INGENIO SAN JOSE'),
(5284, 568, 'INGENIO SAN MIGUEL'),
(5285, 573, 'INGENIO SAN PABLO'),
(5286, 569, 'INGENIO SANTA ANA'),
(5287, 566, 'INGENIO SANTA LUCIA'),
(5288, 572, 'KILOMETRO 10 ,AP.'),
(5289, 573, 'KILOMETRO 102 ,AP.'),
(5290, 569, 'KILOMETRO 1185 ,AP.'),
(5291, 570, 'KILOMETRO 1194 ,AP.'),
(5292, 570, 'KILOMETRO 1207 ,AP.'),
(5293, 566, 'KILOMETRO 1213 ,AP.'),
(5294, 573, 'KILOMETRO 1235 ,DV.'),
(5295, 573, 'KILOMETRO 1248 ,AP.'),
(5296, 574, 'KILOMETRO 1254 ,AP.'),
(5297, 574, 'KILOMETRO 1256 ,AP.'),
(5298, 572, 'KILOMETRO 29 ,AP.'),
(5299, 569, 'KILOMETRO 36 ,AP.'),
(5300, 569, 'KILOMETRO 46 ,AP.'),
(5301, 573, 'KILOMETRO 5 ,AP.'),
(5302, 569, 'KILOMETRO 55 ,AP.'),
(5303, 564, 'KILOMETRO 770 ,DV.'),
(5304, 568, 'KILOMETRO 781 ,AP.'),
(5305, 568, 'KILOMETRO 784 ,AP.'),
(5306, 568, 'KILOMETRO 794 ,AP.'),
(5307, 574, 'KILOMETRO 808 ,AP.'),
(5308, 574, 'KILOMETRO 810 ,DV.'),
(5309, 574, 'KILOMETRO 825'),
(5310, 565, 'KILOMETRO 847 ,DV.'),
(5311, 573, 'KILOMETRO 99,DV.'),
(5312, 571, 'LA ANGOSTURA'),
(5313, 572, 'LA CAÑADA'),
(5314, 572, 'LA COCHA'),
(5315, 564, 'LA CRUZ'),
(5316, 567, 'LA ENCANTADA'),
(5317, 571, 'LA FALDA'),
(5318, 565, 'LA HIGUERA'),
(5319, 572, 'LA INVERNADA'),
(5320, 572, 'LA MADRID'),
(5321, 572, 'LA POSTA'),
(5322, 564, 'LA RAMADA'),
(5323, 573, 'LA REDUCCION'),
(5324, 571, 'LA RINCONADA'),
(5325, 569, 'LA TIPA'),
(5326, 570, 'LA TRINIDAD'),
(5327, 564, 'LAGUNA DE ROBLES'),
(5328, 568, 'LAS CEJAS'),
(5329, 570, 'LAS GUCHAS'),
(5330, 568, 'LAS PIEDRITAS'),
(5331, 567, 'LEALES'),
(5332, 567, 'LILLO, MIGUEL'),
(5333, 567, 'LOMA VERDE'),
(5334, 568, 'LOPEZ DOMINGUEZ ,AP.'),
(5335, 574, 'LOS AGUIRRE'),
(5336, 571, 'LOS CHAÑARES'),
(5337, 567, 'LOS GOMEZ'),
(5338, 568, 'LOS GUTIERREZ'),
(5339, 568, 'LOS PEREYRA'),
(5340, 567, 'LOS PUESTOS'),
(5341, 568, 'LOS RALOS'),
(5342, 569, 'LOS SARMIENTOS'),
(5343, 566, 'LOS SOSA'),
(5344, 568, 'LUISIANA'),
(5345, 573, 'LULES'),
(5346, 567, 'LUNAREJOS'),
(5347, 566, 'MACIO'),
(5348, 564, 'MACOMITA'),
(5349, 573, 'MALVINAS'),
(5350, 571, 'MANANTIAL'),
(5351, 564, 'MARIÑO'),
(5352, 574, 'MATE DE LUNA'),
(5353, 570, 'MEDINAS'),
(5354, 568, 'MENDEZ, PEDRO G.'),
(5355, 572, 'MILLAN, DOMINGO'),
(5356, 565, 'MIRAFLORES'),
(5357, 567, 'MIXTA'),
(5358, 572, 'MONTE GRANDE'),
(5359, 570, 'MONTEAGUDO'),
(5360, 566, 'MONTEROS'),
(5361, 573, 'MUNDO NUEVO'),
(5362, 574, 'MUÑECAS'),
(5363, 568, 'NARANJITO'),
(5364, 567, 'NUEVA ESPAÑA'),
(5365, 569, 'NUEVA TRINIDAD'),
(5366, 567, 'ORAN'),
(5367, 568, 'PACARA'),
(5368, 573, 'PADILLA'),
(5369, 567, 'PALA PALA'),
(5370, 565, 'PAZ, BENJAMIN'),
(5371, 565, 'PAZ, LEOCADIO'),
(5372, 571, 'PAZ, MARCOS'),
(5373, 566, 'PEDRAZA, MANUELA ,AP.'),
(5374, 568, 'POLITO ,DV.'),
(5375, 573, 'POTRERO DE LAS TABLAS'),
(5376, 568, 'POZO DEL ALTO'),
(5377, 566, 'PUEBLO VIEJO'),
(5378, 571, 'PUERTA DE SAN JAVIER'),
(5379, 571, 'RACO'),
(5380, 568, 'RANCHILLOS'),
(5381, 564, 'REQUELME'),
(5382, 569, 'RIO CHICO'),
(5383, 573, 'RIO COLORADO'),
(5384, 564, 'RIO DEL NIO'),
(5385, 566, 'RIO SECO'),
(5386, 567, 'ROMERO POZO'),
(5387, 566, 'ROUGES, LEON'),
(5388, 572, 'RUMI PUNCO'),
(5389, 568, 'SAN AGUSTIN'),
(5390, 568, 'SAN ANDRES'),
(5391, 574, 'SAN FELIPE'),
(5392, 572, 'SAN IGNACIO'),
(5393, 571, 'SAN JAVIER'),
(5394, 572, 'SAN JOSE'),
(5395, 568, 'SAN MIGUEL'),
(5396, 574, 'SAN MIGUEL DE TUCUMAN ,EST.TUCUMAN'),
(5397, 573, 'SAN PABLO'),
(5398, 564, 'SAN PATRICIO'),
(5399, 565, 'SAN PEDRO DE COLALAO'),
(5400, 573, 'SAN RAFAEL'),
(5401, 568, 'SAN VICENTE'),
(5402, 574, 'SANTA BARBARA'),
(5403, 570, 'SANTA CRUZ'),
(5404, 567, 'SANTA ROSA DE LEALES'),
(5405, 571, 'SIAMBON'),
(5406, 566, 'SIMOCA'),
(5407, 564, 'SINQUIEAL'),
(5408, 572, 'SOL DE MAYO'),
(5409, 567, 'SUELDOS'),
(5410, 567, 'TACANAS ,EST.SUPERINTENDENTE LEDESMA'),
(5411, 564, 'TACO PALTA'),
(5412, 572, 'TACO RALO'),
(5413, 571, 'TAFI DEL VALLE'),
(5414, 571, 'TAFI VIEJO'),
(5415, 571, 'TAFICILLO'),
(5416, 564, 'TALA POZO'),
(5417, 565, 'TAPIA'),
(5418, 564, 'TARUCA PAMPA'),
(5419, 565, 'TICUCHO'),
(5420, 564, 'TIMBO NUEVO'),
(5421, 564, 'TIMBO VIEJO'),
(5422, 564, 'TINAJEROS'),
(5423, 565, 'TRANCAS'),
(5424, 570, 'TREJOS'),
(5425, 567, 'TRES POZOS'),
(5426, 565, 'TUNA SOLA'),
(5427, 567, 'TUSQUITAS'),
(5428, 564, 'URIZAR'),
(5429, 565, 'UTURUNCO'),
(5430, 571, 'VILLA CARMELA'),
(5431, 574, 'VILLA LUJAN'),
(5432, 564, 'VILLA NUEVA'),
(5433, 564, 'VILLA PADRE MONTI'),
(5434, 566, 'VILLA QUINTEROS'),
(5435, 568, 'VILLA RESCATE'),
(5436, 565, 'VIPOS'),
(5437, 566, 'YACUCHINA'),
(5438, 572, 'YANIMAS'),
(5439, 571, 'YERBA BUENA');

-- --------------------------------------------------------

--
-- Estructura de tabla para la tabla `materias`
--

CREATE TABLE IF NOT EXISTS `materias` (
  `id` int(11) NOT NULL AUTO_INCREMENT,
  `CarreraId` int(11) NOT NULL,
  `Materia` varchar(250) NOT NULL,
  PRIMARY KEY (`id`)
) ENGINE=InnoDB DEFAULT CHARSET=latin1 AUTO_INCREMENT=1 ;

-- --------------------------------------------------------

--
-- Estructura de tabla para la tabla `ofertas`
--

CREATE TABLE IF NOT EXISTS `ofertas` (
  `id` int(11) NOT NULL AUTO_INCREMENT,
  `empresa_id` int(11) NOT NULL,
  `OfertaVigenciaDesde` date NOT NULL,
  `OfertaVigenciaHasta` date NOT NULL,
  `OfertaDescripcion` varchar(512) NOT NULL,
  PRIMARY KEY (`id`),
  KEY `Ref233` (`empresa_id`)
) ENGINE=InnoDB DEFAULT CHARSET=latin1 AUTO_INCREMENT=1 ;

-- --------------------------------------------------------

--
-- Estructura de tabla para la tabla `ofertascarreras`
--

CREATE TABLE IF NOT EXISTS `ofertascarreras` (
  `id` int(11) NOT NULL,
  `oferta_id` int(11) NOT NULL,
  `carrera_id` int(11) NOT NULL,
  PRIMARY KEY (`id`),
  KEY `Ref637` (`oferta_id`),
  KEY `Ref1038` (`carrera_id`)
) ENGINE=InnoDB DEFAULT CHARSET=latin1;

-- --------------------------------------------------------

--
-- Estructura de tabla para la tabla `pagos_arts`
--

CREATE TABLE IF NOT EXISTS `pagos_arts` (
  `id` int(11) NOT NULL AUTO_INCREMENT,
  `Periodo` date NOT NULL,
  `fechapago` date NOT NULL,
  `convenioparticulare_id` int(11) NOT NULL,
  PRIMARY KEY (`id`),
  KEY `Ref1757` (`convenioparticulare_id`)
) ENGINE=InnoDB DEFAULT CHARSET=latin1 AUTO_INCREMENT=1 ;

-- --------------------------------------------------------

--
-- Estructura de tabla para la tabla `pagos_os`
--

CREATE TABLE IF NOT EXISTS `pagos_os` (
  `id` int(11) NOT NULL AUTO_INCREMENT,
  `convenioparticulare_id` int(11) NOT NULL,
  `fechapago` date NOT NULL,
  `Periodo` date NOT NULL,
  PRIMARY KEY (`id`),
  KEY `Ref1778` (`convenioparticulare_id`)
) ENGINE=InnoDB DEFAULT CHARSET=latin1 AUTO_INCREMENT=1 ;

-- --------------------------------------------------------

--
-- Estructura de tabla para la tabla `postulaciones`
--

CREATE TABLE IF NOT EXISTS `postulaciones` (
  `id` int(11) NOT NULL AUTO_INCREMENT,
  `alumno_id` int(11) NOT NULL,
  `oferta_id` int(11) NOT NULL,
  `FechaPostulacion` date NOT NULL,
  `FechaSeleccion` date NOT NULL,
  `CumpleRequisitosAcademicos` tinyint(4) NOT NULL,
  PRIMARY KEY (`id`),
  KEY `Ref1240` (`alumno_id`),
  KEY `Ref641` (`oferta_id`)
) ENGINE=InnoDB DEFAULT CHARSET=latin1 AUTO_INCREMENT=1 ;

-- --------------------------------------------------------

--
-- Estructura de tabla para la tabla `provincias`
--

CREATE TABLE IF NOT EXISTS `provincias` (
  `id` int(11) NOT NULL AUTO_INCREMENT,
  `nombre` varchar(100) DEFAULT NULL,
  PRIMARY KEY (`id`)
) ENGINE=InnoDB  DEFAULT CHARSET=latin1 AUTO_INCREMENT=24 ;

--
-- Volcado de datos para la tabla `provincias`
--

INSERT INTO `provincias` (`id`, `nombre`) VALUES
(1, 'BUENOS AIRES'),
(2, 'CATAMARCA'),
(3, 'CHACO'),
(4, 'CHUBUT'),
(5, 'CORDOBA'),
(6, 'CORRIENTES'),
(7, 'ENTRE RIOS'),
(8, 'FORMOSA'),
(9, 'JUJUY'),
(10, 'LA PAMPA'),
(11, 'LA RIOJA'),
(12, 'MENDOZA'),
(13, 'MISIONES'),
(14, 'NEUQUEN'),
(15, 'RIO NEGRO'),
(16, 'SALTA'),
(17, 'SAN JUAN'),
(18, 'SAN LUIS'),
(19, 'SANTA CRUZ'),
(20, 'SANTA FE'),
(21, 'SANTIAGO DEL ESTERO'),
(22, 'TIERRA DEL FUEGO'),
(23, 'TUCUMAN');

-- --------------------------------------------------------

--
-- Estructura de tabla para la tabla `reglamentaciones`
--

CREATE TABLE IF NOT EXISTS `reglamentaciones` (
  `id` int(11) NOT NULL AUTO_INCREMENT,
  `RegDescripcion` varchar(512) NOT NULL,
  `RegFechaUltActualizacion` date NOT NULL,
  `RegAdjunto` longblob NOT NULL,
  PRIMARY KEY (`id`)
) ENGINE=InnoDB DEFAULT CHARSET=latin1 AUTO_INCREMENT=1 ;

-- --------------------------------------------------------

--
-- Estructura de tabla para la tabla `requisitoscompetencias`
--

CREATE TABLE IF NOT EXISTS `requisitoscompetencias` (
  `id` int(11) NOT NULL AUTO_INCREMENT,
  `oferta_id` int(11) NOT NULL,
  `competencia_id` int(11) NOT NULL,
  PRIMARY KEY (`id`),
  KEY `Ref634` (`oferta_id`),
  KEY `Ref936` (`competencia_id`)
) ENGINE=InnoDB DEFAULT CHARSET=latin1 AUTO_INCREMENT=1 ;

-- --------------------------------------------------------

--
-- Estructura de tabla para la tabla `requisitosmaterias`
--

CREATE TABLE IF NOT EXISTS `requisitosmaterias` (
  `id` int(11) NOT NULL AUTO_INCREMENT,
  `ofertacarreas_id` int(11) NOT NULL,
  `materia_id` int(11) NOT NULL,
  `RequisitoMateriaCondicion` varchar(512) NOT NULL,
  PRIMARY KEY (`id`),
  KEY `Ref1142` (`ofertacarreas_id`),
  KEY `Ref1443` (`materia_id`)
) ENGINE=InnoDB DEFAULT CHARSET=latin1 AUTO_INCREMENT=1 ;

-- --------------------------------------------------------

--
-- Estructura de tabla para la tabla `tareas`
--

CREATE TABLE IF NOT EXISTS `tareas` (
  `id` int(11) NOT NULL AUTO_INCREMENT,
  `actividade_id` int(11) NOT NULL,
  `convenioparticulare_id` int(11) NOT NULL,
  `TareaDescripcion` varchar(512) NOT NULL,
  PRIMARY KEY (`id`),
  KEY `Ref2458` (`actividade_id`),
  KEY `Ref1760` (`convenioparticulare_id`)
) ENGINE=InnoDB DEFAULT CHARSET=latin1 AUTO_INCREMENT=1 ;

-- --------------------------------------------------------

--
-- Estructura de tabla para la tabla `tutores`
--

CREATE TABLE IF NOT EXISTS `tutores` (
  `id` int(11) NOT NULL AUTO_INCREMENT,
  `DNI` decimal(8,0) NOT NULL,
  `TutorEmail` varchar(250) DEFAULT NULL,
  `TutorTelefono` char(20) DEFAULT NULL,
  `TutorCargo` varchar(250) DEFAULT NULL,
  `ApellidoNombre` varchar(250) NOT NULL,
  `CUIL` decimal(11,0) NOT NULL,
  PRIMARY KEY (`id`)
) ENGINE=InnoDB DEFAULT CHARSET=latin1 AUTO_INCREMENT=1 ;

-- --------------------------------------------------------

--
-- Estructura de tabla para la tabla `users`
--

CREATE TABLE IF NOT EXISTS `users` (
  `id` varchar(36) COLLATE utf8_spanish_ci NOT NULL,
  `username` varchar(255) COLLATE utf8_spanish_ci NOT NULL,
  `slug` varchar(255) COLLATE utf8_spanish_ci NOT NULL,
  `password` varchar(128) COLLATE utf8_spanish_ci DEFAULT NULL,
  `password_token` varchar(128) COLLATE utf8_spanish_ci DEFAULT NULL,
  `email` varchar(255) COLLATE utf8_spanish_ci DEFAULT NULL,
  `email_verified` tinyint(1) DEFAULT '0',
  `email_token` varchar(255) COLLATE utf8_spanish_ci DEFAULT NULL,
  `email_token_expires` datetime DEFAULT NULL,
  `tos` tinyint(1) DEFAULT '0',
  `active` tinyint(1) DEFAULT '0',
  `last_login` datetime DEFAULT NULL,
  `last_action` datetime DEFAULT NULL,
  `is_admin` tinyint(1) DEFAULT '0',
  `role` varchar(255) COLLATE utf8_spanish_ci DEFAULT NULL,
  `created` datetime DEFAULT NULL,
  `modified` datetime DEFAULT NULL,
  PRIMARY KEY (`id`),
  KEY `BY_USERNAME` (`username`),
  KEY `BY_EMAIL` (`email`)
) ENGINE=InnoDB DEFAULT CHARSET=utf8 COLLATE=utf8_spanish_ci;

--
-- Volcado de datos para la tabla `users`
--

INSERT INTO `users` (`id`, `username`, `slug`, `password`, `password_token`, `email`, `email_verified`, `email_token`, `email_token_expires`, `tos`, `active`, `last_login`, `last_action`, `is_admin`, `role`, `created`, `modified`) VALUES
('546a3edc-d0b4-4982-8f56-182456ed9e08', 'facu', 'facu', '398116de440a38d975d69f2b0b60c0d7bd6fc863', NULL, 'temblex2009@hotmail.com', 0, '4ivpabmwse', '2014-11-18 18:30:52', 1, 1, NULL, NULL, 0, 'registered', '2014-11-17 18:30:52', '2014-11-17 18:30:52'),
('546a3f2f-8ca4-44c6-84db-182456ed9e08', 'ffff', 'ffff', '632ef0039206165108c7c91f0f81290e1055bfe8', NULL, 'ddddd@algo.com', 1, NULL, NULL, 1, 1, '2014-11-17 18:32:58', NULL, 0, 'registered', '2014-11-17 18:32:15', '2014-11-17 18:32:58'),
('546a3fba-4928-4e55-840a-182456ed9e08', 'Sau', 'sau', '632ef0039206165108c7c91f0f81290e1055bfe8', NULL, 'sau@UTN.edu.ar', 1, NULL, '2014-11-18 07:53:51', 1, 1, '2014-11-17 20:03:47', NULL, 0, 'registered', '2014-11-17 18:34:34', '2014-11-17 20:03:47');

-- --------------------------------------------------------

--
-- Estructura de tabla para la tabla `user_details`
--

CREATE TABLE IF NOT EXISTS `user_details` (
  `id` varchar(36) COLLATE utf8_spanish_ci NOT NULL,
  `user_id` varchar(36) COLLATE utf8_spanish_ci NOT NULL,
  `position` float NOT NULL DEFAULT '1',
  `field` varchar(255) COLLATE utf8_spanish_ci NOT NULL,
  `value` text COLLATE utf8_spanish_ci,
  `input` varchar(16) COLLATE utf8_spanish_ci NOT NULL,
  `data_type` varchar(16) COLLATE utf8_spanish_ci NOT NULL,
  `label` varchar(128) COLLATE utf8_spanish_ci NOT NULL,
  `created` datetime DEFAULT NULL,
  `modified` datetime DEFAULT NULL,
  PRIMARY KEY (`id`),
  UNIQUE KEY `UNIQUE_PROFILE_PROPERTY` (`field`,`user_id`)
) ENGINE=InnoDB DEFAULT CHARSET=utf8 COLLATE=utf8_spanish_ci;

--
-- Restricciones para tablas volcadas
--

--
-- Filtros para la tabla `actividades`
--
ALTER TABLE `actividades`
  ADD CONSTRAINT `Refareas54` FOREIGN KEY (`area_id`) REFERENCES `areas` (`id`);

--
-- Filtros para la tabla `adendas`
--
ALTER TABLE `adendas`
  ADD CONSTRAINT `Refconveniosparticulares59` FOREIGN KEY (`convenioparticulare_id`) REFERENCES `conveniosparticulares` (`id`);

--
-- Filtros para la tabla `alumnos`
--
ALTER TABLE `alumnos`
  ADD CONSTRAINT `Refcarreras39` FOREIGN KEY (`carrera_id`) REFERENCES `carreras` (`id`);

--
-- Filtros para la tabla `alumnosmaterias`
--
ALTER TABLE `alumnosmaterias`
  ADD CONSTRAINT `Refalumnos45` FOREIGN KEY (`alumno_id`) REFERENCES `alumnos` (`id`),
  ADD CONSTRAINT `Refmaterias44` FOREIGN KEY (`materia_id`) REFERENCES `materias` (`id`);

--
-- Filtros para la tabla `anexos`
--
ALTER TABLE `anexos`
  ADD CONSTRAINT `Refempresas31` FOREIGN KEY (`empresa_id`) REFERENCES `empresas` (`id`);

--
-- Filtros para la tabla `areas`
--
ALTER TABLE `areas`
  ADD CONSTRAINT `Refcarreras64` FOREIGN KEY (`id_carrera`) REFERENCES `carreras` (`id`);

--
-- Filtros para la tabla `competencias`
--
ALTER TABLE `competencias`
  ADD CONSTRAINT `Refareas35` FOREIGN KEY (`area_id`) REFERENCES `areas` (`id`);

--
-- Filtros para la tabla `conveniosparticulares`
--
ALTER TABLE `conveniosparticulares`
  ADD CONSTRAINT `Refalumnos48` FOREIGN KEY (`alumno_id`) REFERENCES `alumnos` (`id`),
  ADD CONSTRAINT `Refcarreras49` FOREIGN KEY (`carrera_id`) REFERENCES `carreras` (`id`),
  ADD CONSTRAINT `Refempresas47` FOREIGN KEY (`empresa_id`) REFERENCES `empresas` (`id`),
  ADD CONSTRAINT `Refofertas46` FOREIGN KEY (`oferta_id`) REFERENCES `ofertas` (`id`),
  ADD CONSTRAINT `Reftutores56` FOREIGN KEY (`tutore_id`) REFERENCES `tutores` (`id`);

--
-- Filtros para la tabla `departamentos`
--
ALTER TABLE `departamentos`
  ADD CONSTRAINT `Refprovincias76` FOREIGN KEY (`provincia_id`) REFERENCES `provincias` (`id`);

--
-- Filtros para la tabla `empresas`
--
ALTER TABLE `empresas`
  ADD CONSTRAINT `Reflocalidades74` FOREIGN KEY (`localidade_id`) REFERENCES `localidades` (`id`);

--
-- Filtros para la tabla `estadocuentas`
--
ALTER TABLE `estadocuentas`
  ADD CONSTRAINT `Refempresas32` FOREIGN KEY (`empresa_id`) REFERENCES `empresas` (`id`);

--
-- Filtros para la tabla `firmantes`
--
ALTER TABLE `firmantes`
  ADD CONSTRAINT `Refanexos61` FOREIGN KEY (`anexo_id`) REFERENCES `anexos` (`id`),
  ADD CONSTRAINT `Refempresas27` FOREIGN KEY (`empresa_id`) REFERENCES `empresas` (`id`),
  ADD CONSTRAINT `Reflocalidades79` FOREIGN KEY (`localidade_id`) REFERENCES `localidades` (`id`);

--
-- Filtros para la tabla `localidades`
--
ALTER TABLE `localidades`
  ADD CONSTRAINT `Refdepartamentos75` FOREIGN KEY (`departamento_id`) REFERENCES `departamentos` (`id`);

--
-- Filtros para la tabla `ofertas`
--
ALTER TABLE `ofertas`
  ADD CONSTRAINT `Refempresas33` FOREIGN KEY (`empresa_id`) REFERENCES `empresas` (`id`);

--
-- Filtros para la tabla `ofertascarreras`
--
ALTER TABLE `ofertascarreras`
  ADD CONSTRAINT `Refcarreras38` FOREIGN KEY (`carrera_id`) REFERENCES `carreras` (`id`),
  ADD CONSTRAINT `Refofertas37` FOREIGN KEY (`oferta_id`) REFERENCES `ofertas` (`id`);

--
-- Filtros para la tabla `pagos_arts`
--
ALTER TABLE `pagos_arts`
  ADD CONSTRAINT `Refconveniosparticulares57` FOREIGN KEY (`convenioparticulare_id`) REFERENCES `conveniosparticulares` (`id`);

--
-- Filtros para la tabla `pagos_os`
--
ALTER TABLE `pagos_os`
  ADD CONSTRAINT `Refconveniosparticulares78` FOREIGN KEY (`convenioparticulare_id`) REFERENCES `conveniosparticulares` (`id`);

--
-- Filtros para la tabla `postulaciones`
--
ALTER TABLE `postulaciones`
  ADD CONSTRAINT `Refalumnos40` FOREIGN KEY (`alumno_id`) REFERENCES `alumnos` (`id`),
  ADD CONSTRAINT `Refofertas41` FOREIGN KEY (`oferta_id`) REFERENCES `ofertas` (`id`);

--
-- Filtros para la tabla `requisitoscompetencias`
--
ALTER TABLE `requisitoscompetencias`
  ADD CONSTRAINT `Refcompetencias36` FOREIGN KEY (`competencia_id`) REFERENCES `competencias` (`id`),
  ADD CONSTRAINT `Refofertas34` FOREIGN KEY (`oferta_id`) REFERENCES `ofertas` (`id`);

--
-- Filtros para la tabla `requisitosmaterias`
--
ALTER TABLE `requisitosmaterias`
  ADD CONSTRAINT `Refmaterias43` FOREIGN KEY (`materia_id`) REFERENCES `materias` (`id`),
  ADD CONSTRAINT `Refofertascarreras42` FOREIGN KEY (`ofertacarreas_id`) REFERENCES `ofertascarreras` (`id`);

--
-- Filtros para la tabla `tareas`
--
ALTER TABLE `tareas`
  ADD CONSTRAINT `Refactividades58` FOREIGN KEY (`actividade_id`) REFERENCES `actividades` (`id`),
  ADD CONSTRAINT `Refconveniosparticulares60` FOREIGN KEY (`convenioparticulare_id`) REFERENCES `conveniosparticulares` (`id`);

/*!40101 SET CHARACTER_SET_CLIENT=@OLD_CHARACTER_SET_CLIENT */;
/*!40101 SET CHARACTER_SET_RESULTS=@OLD_CHARACTER_SET_RESULTS */;
/*!40101 SET COLLATION_CONNECTION=@OLD_COLLATION_CONNECTION */;
